Name,Mstar,e_Mstar,Mgas,e_Mgas,Mbar,e_Mbar,jstar,e_jstar,jgas,e_jgas,jbar,e_jbar,Rd,rstar,rgas,rbar,SimbadName,_RA,_DE
CVIDWA,9.0e+06,2.3e+06,5.3e+07,9.4e+06,6.2e+07,9.6e+06,7.9,10.2,10.1,3.5,9.8,3.30,0.68,0.79,0.81,0.80,CVnIdwA,189.66708,+32.76639
DDO064,7.9e+07,5.1e+07,2.4e+08,1.5e+08,3.2e+08,1.6e+08,41.3,21.6,71.3,25.1,63.9,19.70,0.69,0.96,0.99,0.99,DDO064,147.59487,+31.48828
DDO101,6.0e+07,8.9e+07,2.1e+07,3.1e+07,8.1e+07,9.4e+07,47.9,47.8,63.6,50.6,52.0,37.70,0.58,0.93,0.93,0.93,DDO101,178.91544,+31.51848
DDO126,3.3e+07,9.6e+06,1.4e+08,3.1e+07,1.8e+08,3.3e+07,39.5,19.8,62.5,8.3,58.2,7.80,0.82,0.98,0.85,0.88,DDO126,186.77319,+37.14177
DDO133,4.2e+07,2.9e+07,1.2e+08,7.7e+07,1.6e+08,8.2e+07,48.7,23.7,64.8,26.0,60.5,20.10,0.80,0.90,0.92,0.92,DDO133,188.22708,+31.54167
DDO154,1.5e+07,3.5e+06,2.6e+08,4.1e+07,2.8e+08,4.1e+07,31.8,16.1,154.0,8.5,147.6,8.30,0.54,0.99,0.81,0.82,DDO154,193.52187,+27.14963
DDO168,8.4e+07,2.2e+07,2.7e+08,5.2e+07,3.6e+08,5.7e+07,64.3,14.0,108.5,12.8,98.0,10.60,1.03,0.99,0.87,0.89,DDO168,198.61666,+45.91976
DDO181,1.6e+07,4.3e+06,4.5e+07,6.9e+06,6.1e+07,8.1e+06,,,21.4,2.0,,,0.50,,0.74,,DDO181,204.97396,+40.74036
DDO183,1.4e+07,4.0e+06,3.7e+07,6.4e+06,5.2e+07,7.6e+06,7.2,9.0,9.2,1.5,8.7,2.70,0.82,0.23,0.21,0.21,DDO183,207.71380,+38.02082
DDO190,3.6e+07,9.7e+06,5.4e+07,8.2e+06,9.0e+07,1.3e+07,17.4,4.9,24.3,3.3,21.5,4.80,0.40,0.03,0.84,0.15,DDO190,216.17948,+44.52549
DDO210,5.0e+05,1.3e+05,1.7e+06,3.0e+05,2.2e+06,3.2e+05,,,1.2,1.3,,,0.22,,0.87,,DDO210,311.71542,-12.84833
DDO216,7.7e+06,2.0e+06,4.6e+06,8.1e+05,1.2e+07,2.2e+06,,,6.7,2.1,,,0.52,,0.75,,DDO216,352.14667,+14.74306
DDO50,1.8e+08,4.8e+07,7.2e+08,1.3e+08,9.0e+08,1.4e+08,58.0,26.2,142.4,27.7,125.5,23.10,0.90,1.00,0.97,0.97,DDO50,124.77078,+70.72028
DDO52,8.8e+07,2.3e+07,2.4e+08,4.3e+07,3.3e+08,4.8e+07,66.3,12.8,153.0,16.6,130.0,13.50,0.94,0.99,0.70,0.75,DDO52,127.11900,+41.85753
DDO53,9.3e+06,2.5e+06,3.9e+07,7.6e+06,4.9e+07,8.0e+06,8.8,10.8,9.7,3.2,9.6,3.30,0.89,0.07,0.11,0.10,DDO53,128.53037,+66.18183
DDO87,4.1e+07,2.6e+07,2.0e+08,1.2e+08,2.4e+08,1.3e+08,83.0,34.5,141.3,53.5,131.6,45.00,1.13,0.25,0.79,0.77,DDO87,162.40172,+65.53363
IC2574,7.4e+08,2.0e+08,1.8e+09,3.0e+08,2.5e+09,3.6e+08,198.6,104.5,345.2,41.6,303.6,43.40,2.78,0.89,0.79,0.77,IC2574,157.09842,+68.41207
KK251,4.2e+07,2.7e+07,1.1e+08,7.0e+07,1.6e+08,7.5e+07,40.9,29.7,45.2,16.9,44.1,14.70,1.34,0.77,0.97,0.94,[KK98a]251,307.63708,+60.35472
LVHIS009,1.4e+08,6.0e+07,5.1e+08,1.3e+08,6.5e+08,1.4e+08,55.7,25.3,146.3,26.1,126.4,22.00,1.33,1.00,0.98,0.99,ESO245-G005,026.26542,-43.59778
LVHIS012,1.1e+09,4.0e+08,1.2e+09,1.9e+08,2.4e+09,4.5e+08,161.5,18.1,300.1,12.6,234.6,17.30,2.37,1.00,0.91,0.95,ESO154-G023,044.21000,-54.57139
LVHIS020,3.4e+08,1.2e+08,5.2e+08,8.0e+07,8.6e+08,1.5e+08,96.3,17.1,159.9,8.1,134.9,10.20,2.66,0.99,0.10,0.21,ESO364-G029,091.43333,-33.08333
LVHIS025,5.0e+07,2.0e+07,2.5e+08,5.8e+07,3.0e+08,6.2e+07,46.6,12.0,110.3,12.8,99.5,11.30,1.16,1.00,0.90,0.92,AM0704-582,106.32250,-58.52028
LVHIS026,9.6e+07,3.8e+07,1.2e+08,2.5e+07,2.1e+08,4.5e+07,43.0,8.7,107.3,10.3,78.1,9.30,0.81,1.00,0.21,0.69,ESO059-G001,112.82583,-68.18778
LVHIS029,8.4e+07,3.1e+07,1.4e+08,2.2e+07,2.3e+08,3.8e+07,19.8,13.3,75.4,7.2,54.8,8.40,0.96,0.99,0.05,0.06,ESO318-G013,161.92458,-38.85417
LVHIS030,4.0e+07,1.6e+07,9.4e+08,2.0e+08,9.8e+08,2.0e+08,27.8,38.0,269.1,26.7,259.3,25.90,0.52,0.99,0.96,0.96,ESO215-G009,164.37583,-48.18389
LVHIS055,7.6e+07,2.9e+07,4.9e+07,1.0e+07,1.2e+08,3.1e+07,17.8,3.6,109.8,10.7,54.2,9.80,0.20,0.99,0.74,0.83,NGC5237,204.41273,-42.84692
LVHIS060,1.7e+07,7.5e+06,9.5e+07,2.6e+07,1.1e+08,2.7e+07,18.7,10.4,45.7,6.8,41.5,6.10,1.00,0.99,0.29,0.45,ESO325-G011,206.25292,-41.86028
LVHIS065,1.5e+08,6.1e+07,3.3e+08,7.2e+07,4.8e+08,9.4e+07,20.4,10.7,160.7,18.0,116.1,17.40,0.79,0.99,0.08,0.09,NGC5408,210.83711,-41.37771
LVHIS072,4.7e+08,1.8e+08,4.0e+08,8.5e+07,8.7e+08,2.0e+08,91.4,13.2,223.1,22.1,152.5,17.90,0.87,1.00,0.98,0.98,ESO274-G001,228.55595,-46.80920
LVHIS074,2.5e+08,9.9e+07,5.4e+08,1.1e+08,7.9e+08,1.5e+08,64.3,8.2,197.9,19.1,155.1,17.50,0.56,0.99,0.34,0.64,ESO137-G018,245.24313,-60.49097
LVHIS078,1.6e+08,6.4e+07,1.2e+08,2.7e+07,2.8e+08,7.0e+07,31.0,4.4,72.1,8.0,48.7,5.80,0.34,1.00,0.76,0.89,IC5152,330.67300,-51.29644
LVHIS080,1.4e+08,6.1e+07,3.0e+08,8.0e+07,4.4e+08,1.0e+08,52.9,16.1,107.7,15.5,89.9,12.60,1.19,1.00,0.97,0.98,UGCA442,355.93979,-31.95677
NGC0055,2.3e+09,6.2e+08,2.0e+09,3.1e+08,4.2e+09,6.9e+08,262.3,61.1,429.3,20.2,340.4,36.10,6.11,1.01,1.00,1.00,NGC0055,003.72334,-39.19663
NGC0224,5.1e+10,1.4e+10,6.6e+09,1.0e+09,5.8e+10,1.4e+10,379.6,71.1,3923.0,98.1,826.0,117.50,2.69,0.70,0.98,0.72,NGC0224,010.68471,+41.26875
NGC0247,3.5e+09,9.6e+08,2.6e+09,4.2e+08,6.2e+09,1.0e+09,489.9,61.6,747.0,23.9,599.6,40.80,3.74,0.98,0.92,0.96,NGC0247,011.78564,-20.76040
NGC0253,5.4e+10,1.5e+10,1.5e+09,2.6e+08,5.5e+10,1.5e+10,976.0,55.3,1480.0,54.5,990.0,53.90,2.12,0.99,0.99,0.99,NGC0253,011.88806,-25.28880
NGC0300,2.2e+09,5.9e+08,1.9e+09,3.0e+08,4.1e+09,6.6e+08,208.9,37.3,667.7,64.1,429.7,47.30,1.75,0.98,0.89,0.93,NGC0300,013.72269,-37.68422
NGC0891,6.4e+10,1.7e+10,5.0e+09,9.0e+08,7.0e+10,1.7e+10,867.6,63.6,2412.0,131.9,978.5,66.60,2.55,1.00,0.99,1.00,NGC0891,035.63711,+42.34832
NGC0925,8.9e+09,2.4e+09,2.8e+09,4.6e+08,1.2e+10,2.5e+09,530.8,73.6,963.0,62.3,634.5,62.10,2.73,0.91,0.74,0.87,NGC0925,036.82047,+33.57888
NGC1003,3.3e+09,2.2e+09,4.7e+09,2.9e+09,8.0e+09,3.6e+09,296.4,108.1,1756.0,547.8,1148.0,338.00,1.61,0.99,0.39,0.11,NGC1003,039.82039,+40.87229
NGC1365,8.6e+10,2.4e+10,1.6e+10,2.9e+09,1.0e+11,2.4e+10,2347.0,666.9,4786.0,729.4,2752.0,579.50,5.81,1.00,1.00,1.00,NGC1365,053.40191,-36.14066
NGC1569,6.5e+08,1.7e+08,1.5e+08,2.7e+07,8.0e+08,1.7e+08,17.1,9.1,36.7,16.2,20.8,8.10,0.45,0.58,0.98,0.81,NGC1569,067.70494,+64.84792
NGC2366,1.3e+08,3.7e+07,7.2e+08,1.6e+08,8.5e+08,1.6e+08,111.8,35.9,164.3,21.1,156.2,18.80,1.54,0.84,0.86,0.86,NGC2366,112.21604,+69.20864
NGC2403,5.0e+09,1.3e+09,4.2e+09,7.7e+08,9.3e+09,1.5e+09,288.2,24.1,1130.0,71.1,673.9,68.80,1.39,0.99,1.00,1.00,NGC2403,114.21415,+65.60255
NGC2541,3.0e+09,8.3e+08,6.7e+08,1.1e+08,3.7e+09,8.4e+08,272.3,34.7,731.2,42.6,374.5,34.50,1.37,1.00,0.90,0.95,NGC2541,123.66713,+49.06168
NGC2841,9.5e+10,2.6e+10,1.8e+10,2.9e+09,1.1e+11,2.6e+10,3092.0,127.7,6959.0,241.9,3693.0,183.60,3.64,1.01,0.76,0.98,NGC2841,140.51106,+50.97648
NGC2903,4.0e+10,2.6e+10,3.5e+09,2.2e+09,4.3e+10,2.6e+10,630.4,260.0,2178.0,628.5,756.0,246.50,2.33,0.99,0.99,1.01,NGC2903,143.04213,+21.50083
NGC2915,3.1e+08,8.1e+07,2.7e+08,4.9e+07,5.8e+08,9.5e+07,44.9,14.1,450.7,55.1,233.3,39.10,0.55,0.98,0.21,0.18,NGC2915,141.54805,-76.62632
NGC2976,1.2e+09,3.3e+08,1.9e+08,3.1e+07,1.4e+09,3.3e+08,81.7,8.7,102.7,7.1,84.6,7.60,1.01,0.85,0.73,0.83,NGC2976,146.81441,+67.91638
NGC2998,7.9e+10,3.0e+10,2.1e+10,6.9e+09,9.9e+10,3.1e+10,1783.0,415.8,4814.0,758.8,2410.0,391.50,6.20,1.00,0.94,0.99,NGC2998,147.18181,+44.08143
NGC3031,4.1e+10,1.1e+10,2.8e+09,4.5e+08,4.3e+10,1.1e+10,1429.0,10.8,2271.0,130.8,1522.0,18.90,0.29,1.00,0.95,1.00,NGC3031,148.88822,+69.06529
NGC3109,9.8e+07,2.6e+07,5.3e+08,8.3e+07,6.3e+08,8.7e+07,130.7,5.0,207.0,8.9,195.2,8.10,1.56,0.90,0.75,0.77,NGC3109,150.77865,-26.15957
NGC3198,1.9e+10,5.3e+09,1.2e+10,2.1e+09,3.1e+10,5.7e+09,911.2,58.9,3024.0,133.3,1748.0,156.70,3.14,0.99,1.00,1.00,NGC3198,154.97912,+45.54969
NGC3319,4.5e+09,1.2e+09,8.8e+08,1.5e+08,5.4e+09,1.3e+09,511.9,72.6,922.5,63.6,580.3,63.70,2.80,1.00,0.96,1.00,NGC3319,159.78972,+41.68687
NGC3351,2.3e+10,6.3e+09,4.5e+09,7.1e+08,2.8e+10,6.4e+09,947.6,87.2,1847.0,153.0,1092.0,84.50,2.29,1.00,0.86,1.00,NGC3351,160.99038,+11.70379
NGC3370,1.7e+10,4.5e+09,3.2e+09,5.2e+08,2.0e+10,4.6e+09,673.9,57.9,1430.0,93.3,805.3,58.30,1.95,0.99,0.97,1.01,NGC3370,161.76683,+17.27370
NGC3521,4.1e+10,2.7e+10,5.7e+09,3.5e+09,4.6e+10,2.7e+10,722.5,316.6,1948.0,612.3,873.9,290.10,2.40,1.00,0.98,1.00,NGC3521,166.45236,-00.03590
NGC3621,1.5e+10,4.0e+09,1.0e+10,1.6e+09,2.5e+10,4.3e+09,409.3,45.4,1898.0,122.9,1024.0,116.50,1.61,0.99,0.60,0.52,NGC3621,169.56792,-32.81260
NGC3627,4.0e+10,1.1e+10,2.4e+09,3.9e+08,4.3e+10,1.1e+10,868.8,90.4,1064.0,64.5,879.8,85.40,2.71,0.96,0.94,0.96,NGC3627,170.06261,+12.99129
NGC3726,3.6e+10,1.3e+10,9.4e+09,3.0e+09,4.5e+10,1.4e+10,1190.0,170.5,2131.0,335.6,1386.0,158.20,3.40,1.00,0.98,1.00,NGC3726,173.33807,+47.02924
NGC3741,1.3e+07,3.4e+06,1.4e+08,2.5e+07,1.5e+08,2.5e+07,,,91.9,8.8,,,0.20,,0.99,,NGC3741,174.02397,+45.28415
NGC3769,8.3e+09,3.0e+09,6.7e+09,2.1e+09,1.5e+10,3.7e+09,507.3,126.6,1743.0,261.8,1057.0,161.20,3.38,1.00,0.84,0.91,NGC3769,174.43363,+47.89299
NGC3877,3.3e+10,1.2e+10,1.6e+09,5.0e+08,3.5e+10,1.2e+10,891.8,124.3,1084.0,159.7,900.5,118.90,2.53,0.97,0.91,0.96,NGC3877,176.53242,+47.49450
NGC3893,2.8e+10,1.0e+10,6.6e+09,2.1e+09,3.5e+10,1.0e+10,890.6,125.2,1756.0,245.4,1055.0,117.80,2.38,1.00,0.68,0.99,NGC3893,177.15920,+48.71079
NGC3917,1.1e+10,4.0e+09,2.2e+09,7.0e+08,1.3e+10,4.0e+09,706.9,103.3,1128.0,165.2,778.5,91.80,2.63,1.00,0.92,1.00,NGC3917,177.68953,+51.82421
NGC3949,1.5e+10,5.4e+09,2.5e+09,7.9e+08,1.7e+10,5.5e+09,484.4,185.6,739.0,113.0,520.9,160.00,3.59,0.94,0.53,0.89,NGC3949,178.42389,+47.85873
NGC3953,6.0e+10,2.2e+10,3.0e+09,9.4e+08,6.3e+10,2.2e+10,1674.0,309.4,2370.0,329.1,1707.0,295.30,4.89,0.98,0.92,0.98,NGC3953,178.45420,+52.32680
NGC3972,6.6e+09,2.4e+09,1.3e+09,4.0e+08,7.9e+09,2.5e+09,453.3,84.2,643.1,100.5,483.6,72.90,2.18,0.95,0.85,0.93,NGC3972,178.93788,+55.32073
NGC3992,9.5e+10,2.9e+10,2.5e+10,6.2e+09,1.2e+11,3.0e+10,4097.0,247.8,6072.0,556.6,4513.0,246.20,4.96,1.00,0.98,1.00,NGC3992,179.39993,+53.37452
NGC4010,7.8e+09,2.9e+09,2.3e+09,7.2e+08,1.0e+10,3.0e+09,462.7,104.2,718.1,111.8,520.1,85.50,2.81,0.95,0.94,0.94,NGC4010,179.65830,+47.26131
NGC4013,3.2e+10,1.2e+10,4.2e+09,1.3e+09,3.6e+10,1.2e+10,1401.0,175.3,2527.0,316.9,1533.0,162.50,3.53,0.99,0.96,1.01,NGC4013,179.63090,+43.94702
NGC4051,3.1e+10,1.2e+10,2.8e+09,8.8e+08,3.4e+10,1.2e+10,922.0,228.8,1232.0,192.8,947.4,210.80,4.65,0.96,0.89,0.95,NGC4051,180.79004,+44.53130
NGC4085,1.0e+10,3.8e+09,8.6e+08,2.7e+08,1.1e+10,3.8e+09,319.6,64.1,498.4,73.7,333.4,59.60,1.65,0.99,0.69,0.98,NGC4085,181.34460,+50.35275
NGC4088,5.3e+10,1.9e+10,9.5e+09,3.0e+09,6.2e+10,1.9e+10,945.4,130.5,1873.0,270.1,1088.0,122.80,2.58,1.00,0.90,1.00,NGC4088,181.39258,+50.53918
NGC4100,2.7e+10,1.0e+10,4.1e+09,1.3e+09,3.1e+10,1.0e+10,1089.0,99.3,2103.0,260.1,1221.0,98.30,2.15,1.00,1.00,1.00,NGC4100,181.53584,+49.58231
NGC4138,1.4e+10,5.3e+09,1.7e+09,5.4e+08,1.6e+10,5.3e+09,765.8,78.5,1600.0,242.1,854.3,78.00,1.51,0.99,0.52,1.00,NGC4138,182.37412,+43.68532
NGC4157,5.1e+10,1.9e+10,1.0e+10,3.3e+09,6.2e+10,1.9e+10,1026.0,126.9,2483.0,355.9,1275.0,134.80,2.32,0.99,0.99,1.00,NGC4157,182.76819,+50.48468
NGC4183,5.4e+09,2.0e+09,4.6e+09,1.4e+09,9.9e+09,2.4e+09,588.0,93.6,1053.0,159.3,800.7,94.70,2.79,1.00,0.93,0.96,NGC4183,183.32025,+43.69827
NGC4190,5.0e+07,1.4e+07,4.4e+07,7.5e+06,9.4e+07,1.6e+07,12.9,3.7,21.2,2.7,16.8,2.40,0.28,0.98,0.95,0.97,NGC4190,183.43404,+36.63150
NGC4217,5.6e+10,2.1e+10,3.0e+09,9.3e+08,5.9e+10,2.1e+10,363.4,154.9,1630.0,231.7,426.7,148.60,2.94,1.00,0.22,1.00,NGC4217,183.96208,+47.09179
NGC4244,2.1e+09,5.8e+08,6.6e+08,1.1e+08,2.7e+09,5.9e+08,706.3,133.8,881.7,44.4,748.6,102.50,5.98,0.79,0.51,0.74,NGC4244,184.37358,+37.80711
NGC4258,4.5e+10,1.2e+10,6.0e+09,9.3e+08,5.1e+10,1.2e+10,1621.0,150.0,3335.0,93.1,1820.0,142.00,5.96,0.96,0.99,0.98,NGC4258,184.74008,+47.30372
NGC4389,9.4e+09,3.4e+09,4.3e+08,1.4e+08,9.8e+09,3.5e+09,197.3,100.4,288.3,57.8,201.3,96.10,2.79,0.89,0.18,0.87,NGC4389,186.39624,+45.68467
NGC4414,6.9e+10,1.9e+10,1.3e+09,2.2e+08,7.0e+10,1.9e+10,873.2,71.8,2610.0,167.0,866.0,71.20,1.88,1.01,0.16,1.01,NGC4414,186.61287,+31.22354
NGC4535,4.2e+10,1.2e+10,4.8e+09,8.4e+08,4.6e+10,1.2e+10,1431.0,172.4,2168.0,240.4,1506.0,157.90,3.49,0.98,0.95,0.98,NGC4535,188.58462,+08.19776
NGC4536,2.1e+10,5.9e+09,4.1e+09,7.0e+08,2.5e+10,5.9e+09,984.9,79.0,1586.0,79.7,1082.0,71.30,2.89,0.98,0.92,0.97,NGC4536,188.61304,+02.18788
NGC4605,2.2e+09,6.3e+08,5.6e+07,9.8e+06,2.3e+09,6.3e+08,112.6,20.1,135.7,9.5,113.2,19.60,0.84,0.84,0.41,0.84,NGC4605,189.99742,+61.60919
NGC4639,1.7e+10,4.5e+09,1.7e+09,2.8e+08,1.8e+10,4.5e+09,830.3,47.7,1394.0,70.2,882.7,45.80,1.68,0.99,0.90,0.97,NGC4639,190.71824,+13.25742
NGC4725,5.2e+10,1.4e+10,3.5e+09,5.9e+08,5.6e+10,1.4e+10,1914.0,160.2,3568.0,269.9,2019.0,153.60,3.39,1.00,0.98,1.00,NGC4725,192.61071,+25.50076
NGC5055,7.4e+10,2.0e+10,1.4e+10,2.3e+09,8.8e+10,2.0e+10,1174.0,97.4,5017.0,407.1,1789.0,180.00,3.20,0.99,0.16,0.35,NGC5055,198.95531,+42.02937
NGC5584,1.1e+10,3.1e+09,2.3e+09,3.7e+08,1.4e+10,3.1e+09,757.4,77.4,1022.0,82.8,801.5,66.80,2.63,0.97,0.93,0.96,NGC5584,215.59921,-00.38745
NGC6946,3.3e+10,2.2e+10,8.2e+09,5.1e+09,4.1e+10,2.2e+10,764.5,239.2,1840.0,536.0,978.7,224.60,2.44,1.00,0.91,1.00,NGC6946,308.71805,+60.15368
NGC7331,4.9e+10,1.3e+10,2.3e+10,3.8e+09,7.1e+10,1.4e+10,1875.0,127.2,3329.0,146.3,2339.0,133.00,5.02,1.00,0.12,0.91,NGC7331,339.26709,+34.41592
NGC7793,3.3e+09,9.0e+08,1.5e+09,2.4e+08,4.8e+09,9.4e+08,204.0,23.8,459.9,23.2,283.0,23.60,1.21,1.00,0.98,1.00,NGC7793,359.45731,-32.59103
NGC7814,3.9e+10,1.0e+10,1.4e+09,2.4e+08,4.0e+10,1.0e+10,664.6,62.8,2500.0,137.1,727.4,63.20,2.54,1.00,0.99,1.00,NGC7814,000.81228,+16.14523
UGC00731,1.6e+08,1.0e+08,2.1e+09,1.3e+09,2.3e+09,1.3e+09,264.1,103.2,448.1,143.3,435.0,133.30,2.30,0.98,0.94,0.94,UGC00731,017.68333,+49.60219
UGC01281,1.6e+08,4.0e+07,3.2e+08,5.7e+07,4.8e+08,7.0e+07,89.1,22.6,145.1,16.3,127.0,13.70,1.63,0.45,0.37,0.39,UGC01281,027.38212,+32.58783
UGC02023,4.7e+08,3.0e+08,3.0e+08,1.8e+08,7.7e+08,3.5e+08,79.4,113.4,111.4,86.8,91.8,77.20,1.55,0.10,0.05,0.06,UGC02023,038.32550,+33.49042
UGC02455,1.6e+09,1.0e+09,6.1e+08,3.8e+08,2.2e+09,1.1e+09,51.7,41.3,115.3,51.9,69.2,33.40,0.99,0.74,0.06,0.16,UGC02455,044.92855,+25.24121
UGC02487,1.9e+11,7.3e+10,2.3e+10,7.6e+09,2.1e+11,7.4e+10,7469.0,1021.0,14940.0,2728.0,8264.0,978.30,7.89,1.00,0.95,1.00,UGC02487,045.42649,+35.20565
UGC02916,7.6e+10,2.9e+10,2.3e+10,7.9e+09,1.0e+11,3.0e+10,1129.0,405.0,4096.0,667.0,1828.0,378.70,6.15,1.00,0.17,0.86,UGC02916,060.64098,+71.70592
UGC02953,1.4e+11,8.8e+10,1.1e+10,6.6e+09,1.5e+11,8.8e+10,1813.0,579.7,8044.0,2402.0,2269.0,577.90,3.55,0.99,0.83,1.01,UGC02953,061.94545,+69.81243
UGC03205,6.1e+10,2.9e+10,1.6e+10,7.0e+09,7.7e+10,2.9e+10,1269.0,289.7,4826.0,1009.0,2022.0,355.10,3.19,0.99,0.06,0.20,UGC03205,074.06173,+30.05219
UGC03546,4.5e+10,2.5e+10,3.6e+09,1.9e+09,4.8e+10,2.5e+10,1047.0,423.6,2804.0,788.0,1179.0,397.70,3.79,0.99,0.98,1.00,UGC03546,102.53614,+60.84580
UGC03580,7.3e+09,4.0e+09,5.9e+09,3.1e+09,1.3e+10,5.1e+09,267.5,160.3,1497.0,416.4,815.7,223.11,2.43,0.99,0.57,0.86,UGC03580,103.87900,+69.56314
UGC04278,6.5e+08,4.2e+08,1.1e+09,7.0e+08,1.8e+09,8.1e+08,171.1,126.0,384.1,137.6,306.5,99.70,2.21,0.98,0.86,0.90,UGC04278,123.49545,+45.74215
UGC04305,3.9e+08,1.0e+08,7.1e+08,1.3e+08,1.1e+09,1.6e+08,53.4,23.5,112.8,27.5,91.9,20.00,1.16,0.97,0.80,0.74,UGC04305,124.77078,+70.72028
UGC04325,1.0e+09,6.4e+08,7.7e+08,4.8e+08,1.8e+09,8.0e+08,217.0,104.2,291.2,90.1,249.4,70.80,1.86,0.99,0.81,0.94,UGC04325,124.83557,+50.00961
UGC04499,7.4e+08,4.8e+08,1.3e+09,7.9e+08,2.0e+09,9.2e+08,206.1,77.6,315.7,101.9,275.6,71.00,1.73,0.87,0.81,0.83,UGC04499,129.42287,+51.65238
UGC05253,9.9e+10,5.5e+10,1.8e+10,9.2e+09,1.2e+11,5.6e+10,1595.0,928.5,6366.0,1615.0,2316.0,843.10,8.07,1.00,0.16,0.81,UGC05253,147.59264,+72.27865
UGC05414,4.6e+08,3.0e+08,4.7e+08,2.9e+08,9.3e+08,4.2e+08,102.2,58.7,131.6,48.7,117.0,38.10,1.47,0.22,0.11,0.15,UGC05414,150.98827,+40.76151
UGC05721,2.7e+08,1.8e+08,6.5e+08,4.0e+08,9.2e+08,4.4e+08,45.1,19.3,264.8,83.9,199.8,60.80,0.38,0.98,0.87,0.90,UGC05721,158.07176,+27.66866
UGC05829,2.6e+08,1.7e+08,1.2e+09,7.4e+08,1.4e+09,7.5e+08,149.4,112.9,246.8,124.1,229.4,104.00,1.99,0.16,0.84,0.82,UGC05829,160.67828,+34.44928
UGC05918,1.2e+08,7.4e+07,2.1e+08,1.3e+08,3.3e+08,1.5e+08,83.7,49.1,115.6,41.0,104.4,31.80,1.66,0.15,0.08,0.09,UGC05918,162.40172,+65.53363
UGC05986,2.4e+09,1.5e+09,2.0e+09,1.2e+09,4.3e+09,2.0e+09,271.3,114.2,647.5,199.9,442.0,113.20,1.67,1.00,0.06,0.19,UGC05986,163.12972,+36.61878
UGC06399,1.1e+09,4.2e+08,7.8e+08,2.5e+08,1.9e+09,4.8e+08,258.4,53.7,382.0,60.4,308.7,41.10,2.05,0.87,0.71,0.80,UGC06399,170.84676,+50.89266
UGC06446,4.8e+08,3.1e+08,7.5e+08,4.7e+08,1.2e+09,5.6e+08,199.0,76.4,456.4,144.4,355.8,94.50,1.49,1.00,0.91,0.93,UGC06446,171.66860,+53.74666
UGC06628,1.5e+09,9.7e+08,1.3e+09,8.1e+08,2.8e+09,1.3e+09,155.1,141.9,215.6,126.6,183.2,96.20,2.82,0.87,0.40,0.69,UGC06628,175.02395,+45.94215
UGC06667,4.4e+08,1.6e+08,8.0e+08,2.5e+08,1.2e+09,3.0e+08,355.5,126.0,360.3,55.5,358.6,57.50,5.15,0.25,0.85,0.73,UGC06667,175.60962,+51.59801
UGC06786,4.1e+10,2.2e+10,5.5e+09,2.9e+09,4.6e+10,2.3e+10,987.3,404.2,3479.0,872.9,1287.0,378.20,3.60,1.00,0.53,1.00,UGC06786,177.28940,+27.02202
UGC06787,5.9e+10,3.2e+10,6.4e+09,3.3e+09,6.5e+10,3.3e+10,962.2,677.7,4675.0,1215.0,1328.0,629.50,5.37,1.00,0.98,1.00,UGC06787,177.31404,+56.08435
UGC06818,7.7e+08,2.8e+08,5.8e+08,1.8e+08,1.4e+09,3.4e+08,127.3,32.9,284.8,49.3,195.1,30.30,1.39,0.98,0.74,0.87,UGC06818,177.69575,+45.80733
UGC06917,3.1e+09,1.1e+09,2.0e+09,6.5e+08,5.1e+09,1.3e+09,474.3,88.4,697.2,105.9,563.6,69.50,2.76,0.76,0.22,0.52,UGC06917,179.11989,+50.42839
UGC06923,1.3e+09,4.7e+08,8.0e+08,2.5e+08,2.1e+09,5.3e+08,166.4,36.0,240.2,38.2,195.1,27.00,1.44,0.90,0.57,0.79,UGC06923,179.20636,+53.16034
UGC06930,4.3e+09,1.6e+09,4.1e+09,1.3e+09,8.5e+09,2.1e+09,609.5,174.6,970.2,201.9,786.0,135.50,3.94,1.00,0.96,0.98,UGC06930,179.32248,+49.28325
UGC06973,2.4e+10,8.7e+09,1.4e+09,4.4e+08,2.5e+10,8.7e+09,427.0,53.8,828.7,113.8,449.5,51.60,1.07,1.00,0.79,0.99,UGC06973,179.71760,+42.72240
UGC06983,2.5e+09,9.1e+08,3.7e+09,1.2e+09,6.2e+09,1.5e+09,505.3,107.4,959.2,146.7,777.5,102.70,3.21,1.00,0.95,0.97,UGC06983,179.78639,+52.70779
UGC07089,1.7e+09,6.2e+08,1.1e+09,3.5e+08,2.8e+09,7.1e+08,231.9,57.3,376.0,67.3,288.6,44.80,2.26,0.81,0.53,0.69,UGC07089,181.49061,+43.14336
UGC07125,1.4e+09,9.1e+08,4.5e+09,2.7e+09,5.9e+09,2.9e+09,295.2,133.9,669.8,206.3,579.9,161.20,3.38,1.00,0.92,0.93,UGC07125,182.17297,+36.80230
UGC07151,1.1e+09,2.8e+08,6.8e+08,1.2e+08,1.8e+09,3.0e+08,158.8,12.7,234.8,14.8,188.5,10.90,1.25,0.83,0.14,0.62,UGC07151,182.49417,+46.45718
UGC07261,8.5e+08,5.5e+08,1.1e+09,6.6e+08,1.9e+09,8.6e+08,145.3,77.7,335.0,146.0,250.7,89.20,1.20,1.00,0.32,0.67,UGC07261,183.80983,+20.65908
UGC07323,1.9e+09,1.2e+09,7.4e+08,4.6e+08,2.6e+09,1.3e+09,194.8,118.5,283.3,99.8,220.1,89.50,2.26,0.86,0.88,0.87,UGC07323,184.37577,+45.61931
UGC07399,5.7e+08,3.7e+08,6.8e+08,4.2e+08,1.3e+09,5.6e+08,212.7,103.0,338.7,108.7,281.4,76.10,1.64,0.77,0.65,0.69,UGC07399,185.15883,+46.29102
UGC07524,1.2e+09,3.1e+08,1.9e+09,3.5e+08,3.1e+09,4.7e+08,347.9,49.0,490.2,43.8,436.2,34.30,3.46,0.87,0.87,0.87,UGC07524,186.45360,+33.54686
UGC07559,5.5e+07,1.4e+07,1.3e+08,2.3e+07,1.8e+08,2.7e+07,16.6,9.9,46.9,5.9,37.7,5.40,0.58,0.94,0.41,0.53,UGC07559,186.77319,+37.14177
UGC07577,2.2e+07,5.8e+06,2.8e+07,5.1e+06,5.1e+07,7.8e+06,,,14.2,3.4,,,0.90,,0.13,,UGC07577,186.92450,+43.49948
UGC07603,1.8e+08,1.2e+08,2.1e+08,1.3e+08,4.0e+08,1.8e+08,51.0,20.2,130.2,40.8,93.6,24.50,0.53,1.00,0.34,0.62,UGC07603,187.18386,+22.82043
UGC07608,1.2e+08,7.8e+07,4.9e+08,3.0e+08,6.1e+08,3.1e+08,121.6,103.2,185.2,104.1,172.7,86.10,1.50,0.11,0.13,0.12,UGC07608,187.18366,+43.22383
UGC07690,4.0e+08,2.6e+08,3.6e+08,2.2e+08,7.6e+08,3.4e+08,68.9,21.7,138.5,43.1,101.7,23.80,0.57,1.00,0.82,0.95,UGC07690,188.11206,+42.70412
UGC07866,5.7e+07,1.5e+07,9.5e+07,1.7e+07,1.5e+08,2.3e+07,20.3,9.9,43.3,7.9,34.7,6.40,0.61,0.40,0.12,0.14,UGC07866,190.56314,+38.50162
UGC08286,6.3e+08,1.6e+08,7.9e+08,1.3e+08,1.4e+09,2.0e+08,170.0,9.5,366.9,15.7,280.0,16.80,1.05,1.00,0.92,0.85,UGC08286,198.04916,+44.03802
UGC08490,5.1e+08,1.7e+08,8.8e+08,2.4e+08,1.4e+09,2.9e+08,101.5,15.1,356.5,46.5,262.6,34.30,0.67,0.99,0.88,0.92,UGC08490,202.40212,+58.41873
UGC08550,1.5e+08,9.4e+07,3.5e+08,2.2e+08,5.0e+08,2.4e+08,46.4,16.3,178.6,55.4,139.9,40.20,0.45,1.00,0.91,0.92,UGC08550,203.51180,+47.91547
UGC08699,2.8e+10,1.5e+10,5.5e+09,2.8e+09,3.3e+10,1.6e+10,703.8,294.6,2308.0,608.7,968.2,273.00,3.09,1.00,0.06,0.49,UGC08699,206.28612,+41.50330
UGC08837,2.4e+08,6.2e+07,2.1e+08,3.8e+07,4.5e+08,7.3e+07,62.8,18.3,104.3,9.5,82.2,11.10,1.72,0.94,0.21,0.72,UGC08837,208.69001,+53.90557
UGC09133,1.6e+11,7.3e+10,4.5e+10,1.9e+10,2.0e+11,7.6e+10,2201.0,689.0,11930.0,2471.0,4367.0,903.80,6.97,0.99,0.59,0.93,UGC09133,214.03227,+35.34383
UGC09992,1.7e+08,1.1e+08,2.4e+08,1.6e+08,4.1e+08,1.9e+08,49.0,34.0,80.7,35.9,67.9,25.60,1.04,0.93,0.62,0.75,UGC09992,235.45004,+67.25389
UGC10310,8.7e+08,5.6e+08,1.2e+09,7.8e+08,2.1e+09,9.6e+08,218.9,89.6,341.1,118.9,290.9,79.60,1.80,0.93,0.85,0.87,UGC10310,244.07460,+47.04532
UGC10564,1.4e+09,3.9e+08,4.1e+09,7.1e+08,5.5e+09,8.1e+08,185.2,20.6,755.5,48.9,611.5,47.80,1.67,1.00,0.69,0.74,UGC10564,251.59517,+70.35506
UGC11557,6.0e+09,3.3e+09,2.2e+09,1.2e+09,8.2e+09,3.5e+09,274.8,179.0,496.8,205.9,334.5,142.60,2.75,1.00,0.92,0.99,UGC11557,306.00285,+60.19484
UGC11914,7.1e+10,4.6e+10,1.1e+09,7.0e+08,7.3e+10,4.6e+10,879.1,475.7,1698.0,571.1,891.7,468.50,2.44,0.85,0.98,0.86,UGC11914,331.96820,+31.35926
UGC12060,6.4e+08,1.9e+08,9.0e+08,1.8e+08,1.5e+09,2.6e+08,186.5,21.0,403.6,37.0,314.0,27.70,1.56,1.00,0.70,0.84,UGC12060,337.64042,+33.82083
UGC12632,6.4e+08,4.2e+08,1.8e+09,1.1e+09,2.4e+09,1.2e+09,259.8,107.7,456.8,146.3,404.7,111.80,2.42,0.85,0.75,0.78,UGC12632,352.49492,+40.99033
UGC12732,8.4e+08,5.5e+08,4.0e+09,2.5e+09,4.8e+09,2.5e+09,282.3,131.9,837.3,323.2,740.0,268.50,1.98,1.00,0.74,0.76,UGC12732,355.16650,+26.23606
UGC8508,1.0e+07,3.1e+06,1.8e+07,4.3e+06,2.8e+07,5.3e+06,8.9,5.6,14.5,3.4,12.5,3.00,0.29,0.15,0.12,0.13,UGC8508,202.68696,+54.91070
UGC9649,2.2e+09,1.3e+09,1.3e+09,7.1e+08,3.5e+09,1.5e+09,215.7,58.4,479.3,129.8,314.9,63.40,1.42,1.00,0.24,0.78,UGC9649,224.44125,+71.68153
WLM,1.6e+07,3.9e+06,7.1e+07,1.2e+07,8.7e+07,1.2e+07,22.4,7.4,43.3,3.8,39.5,3.50,0.74,1.00,0.78,0.81,WLMgalaxy,000.49125,-15.46389
