logMbar,jbar,e_jbar,Mgas,e_Mgas,Mstar,e_Mstar,jgas,e_jgas,jstar,e_jstar,fgas,e_fgas
8.62096843564429,65.62742939205361,53.78668901554694,338800000.0,210000000.0,79000000.0,51000000.0,71.3,25.1,41.3,21.6,0.8109143130684539,0.13722642053091486
7.950072629750157,53.102804577069776,89.84518602132833,29539999.999999996,43680000.0,59600000.0,89200000.0,63.6,50.6,47.9,47.8,0.33138882656495394,0.46616289285121976
8.358161200792628,61.02888962840821,18.774178354821036,203000000.0,43960000.0,25118864.315095823,10989281.27972715,62.5,8.299999999999999,49.14,4.92,0.8898869482341467,0.04783319987138057
8.468680566173122,63.276654721405826,39.36631753570471,162400000.0,107800000.0,131825673.85564047,51601771.35396176,64.8,26.0,61.4,4.17,0.5519572710017151,0.1905732153094223
8.582610475009904,150.1876457783272,33.296329051989986,371000000.0,57260000.0,11481536.214968817,4758698.543986526,154.0,8.5,27.0,2.48,0.9699814628214739,0.012877745768358047
8.665183450413386,102.41159542874303,27.237959684230045,379400000.0,72800000.0,83176377.11026709,32558516.62396987,108.5,12.8,74.64,4.91,0.8201888785807152,0.06429200439091032
9.074304344001435,129.59703354121018,39.07745043397293,1006599999.9999999,187600000.0,180000000.0,47600000.0,142.4,27.7,58.0,26.2,0.8483060846114949,0.04163137022453587
8.930459181648553,141.38462795955795,49.6085112975413,714000000.0,180600000.0,138038426.46028867,50855235.68445049,146.3,26.1,115.96,12.04,0.8379903744086332,0.06067047501712309
9.309203150838817,295.3033332301003,59.44475530722598,1736000000.0,267399999.99999997,301995172.0402019,97351741.38143179,300.1,12.6,267.73,13.95,0.8518175233271629,0.045096429483326664
8.597914471202529,102.19681978798586,33.57175984696647,345800000.0,81900000.0,50400000.0,20500000.0,110.3,12.8,46.6,12.0,0.872791519434629,0.05225757407770525
9.132195629573424,262.0165511137336,83.3179628148233,1316000000.0,285600000.0,39800000.0,15700000.0,269.1,26.7,27.8,38.0,0.9706446378521906,0.012828672881026813
8.933447259372926,177.6753963931796,45.63178045978314,562800000.0,118999999.99999999,295120922.66663903,74749514.08791369,223.1,22.099999999999998,91.05,6.16,0.6560045164193836,0.07445532565036474
8.658470588622675,103.07827862871672,39.496720980946925,420000000.0,111860000.0,35481338.92335753,15522772.396034567,107.7,15.5,48.37,6.31,0.9221014432617011,0.0367903331332478
9.703119346236077,354.2671156893819,78.26278121462119,2758000000.0,436800000.0,2290000000.0,617000000.0,429.3,20.200000000000003,263.9,61.1,0.5463549920760697,0.07746157962741437
9.859498558187775,621.2213930348258,134.83023149525764,3696000000.0,585200000.0,3540000000.0,957000000.0,747.0,23.900000000000002,489.9,61.6,0.5107794361525705,0.07828688894375319
10.773541915232052,853.9136021557924,148.8785640032122,6885818185.94883,3187893746.1301966,52480746024.97734,6042069173.315968,866.0593527034413,361.45630358044633,852.32,36.9,0.11598815389558156,0.04891586111469981
9.695085983579352,461.8166062703331,100.22002237447204,2725482919.7802076,422896777.69490945,2230000000.0,602000000.0,654.3535061255562,62.62080618184045,226.5,37.3,0.5499934040537652,0.07706442765638598
10.854220996792954,1018.5271521696556,323.2141583409322,6986000000.0,1262800000.0,64500000000.0,16800000000.0,2412.0,131.9,867.6,63.6,0.09772542875528076,0.027955395463199077
11.107499560064328,2664.645192237669,884.2777157832846,42285379704.44041,8961005077.972513,85800000000.0,24100000000.0,3274.675365179056,649.0909346908398,2364.0,666.9,0.3301343197952395,0.07781240927327858
9.043990665878134,162.08058919212002,49.94202279227681,1006599999.9999999,218400000.0,100000000.0,36841361.487904735,164.3,21.100000000000005,139.74,6.34,0.9096331104283389,0.03514536810903999
10.063461460754336,789.8036635672134,161.36817863149608,5950000000.0,1076600000.0,5623413251.903491,1165354877.3020334,1130.0,71.1,429.85,15.7,0.5141093530917853,0.06872253845310027
9.699872639489913,555.5120676571082,104.96582672130867,936600000.0,159600000.0,4073802778.041122,656619428.3960654,731.2,42.6,515.12,19.12,0.18693107949420687,0.03564971623566343
10.694357871827982,829.2518591728727,607.6966485183796,9671818185.94883,3572512726.835711,39800000000.0,26100000000.0,1647.5368851029716,389.32926842235395,630.4,260.0,0.19550157120960343,0.11837739423576074
11.032376971209937,2594.3424911824764,1075.8541038824592,28840000000.0,9646000000.0,78900000000.0,30300000000.0,4814.0,758.8,1783.0,415.8,0.26768145535548543,0.09982948505669703
10.64910109474387,1541.4459798994974,522.493074235018,3975999999.9999995,628600000.0,40600000000.0,10900000000.0,2271.0,130.8,1470.0,10.2,0.08919597989949747,0.025311573621241545
10.530914850378544,1945.1177263848792,363.6397590113368,17360000000.0,2982000000.0,16595869074.375631,2674938051.515676,3024.0,133.3,816.56,33.41,0.5112518240064868,0.05885867134304714
9.75960741690577,601.1815556947054,186.07757389528072,1229200000.0,210000000.0,4520000000.0,1250000000.0,922.5,63.599999999999994,513.8,72.6,0.21380365963960205,0.054640502982586325
10.652494368742227,1109.8313254757538,126.66217073850484,7772127027.332646,1020858858.3400686,37153522909.71728,3421965920.165111,1636.9195559836312,129.2479724241821,999.57,29.14,0.1729997682442657,0.022951846532806103
10.32911300268182,843.4645669291339,244.08998532631682,4536000000.0,723800000.0,16800000000.0,4560000000.0,1430.0,93.3,685.1,57.9,0.2125984251968504,0.052707287914985766
10.752008310641493,979.5365305596458,650.7516052967995,15894778552.664888,5475121764.455438,40600000000.0,26600000000.0,1636.084409232167,339.49814494215855,722.5,316.6,0.28134951512107703,0.1496635606586
10.715249641786752,910.4675356126071,282.97526747425485,11809834205.040995,2584395381.662672,40100000000.0,10900000000.0,1051.9486223963943,104.97260274690308,868.8,90.4,0.22750668319210574,0.06132923131967965
10.690089709170676,1443.325467461419,570.5069053215481,13188000000.0,4157999999.9999995,35800000000.0,13200000000.0,2131.0,335.6,1190.0,170.5,0.26920878582510005,0.09544333720084208
10.247285702863378,1161.230873698506,439.48269171692993,9352000000.0,2954000000.0,8320000000.0,3050000000.0,1743.0,261.8,507.3,126.6,0.5291987324581259,0.12056224768449815
10.550546311465643,903.8429319371728,452.3097684372281,2226000000.0,701400000.0,33300000000.0,12200000000.0,1084.0,159.7,891.8,124.3,0.06265833474075325,0.02838104333675697
10.142827294538337,800.6730963005614,330.8196927955137,3094000000.0,975799999.9999999,10800000000.0,3950000000.0,1128.0,165.20000000000002,706.9,103.3,0.22268605153303583,0.0835959367482096
10.808791445252275,1719.2498369210698,875.2982590166674,4185999999.9999995,1321600000.0,60200000000.0,22100000000.0,2370.0,329.1,1674.0,309.4,0.06501413350728419,0.029433106437466473
9.922414024145635,493.3295552367288,212.8990304252464,1764000000.0,554400000.0,6600000000.0,2420000000.0,643.1,100.5,453.3,84.2,0.2109038737446198,0.08037062050442742
11.31227124288729,4210.624212169864,736.2075991661991,35420000000.0,8694000000.0,169824365246.1746,23462103110.581066,6072.0,556.6,3822.4,133.52,0.17257477425758547,0.04021960921903098
10.04131371534586,536.500800145481,217.6880251781839,3178000000.0,1002399999.9999999,7820000000.0,2870000000.0,718.1,111.80000000000001,462.7,104.2,0.2889616293871613,0.09942860070060378
10.5792117802315,1577.540184453228,684.9153216400393,5950000000.0,1876000000.0,32000000000.0,11700000000.0,2527.0,316.9,1401.0,175.3,0.15678524374176547,0.06382739024792122
10.548020694905532,956.40543601359,481.5681487625125,3919999999.9999995,1237600000.0,31400000000.0,11500000000.0,1232.0,192.80000000000004,922.0,228.8,0.11098527746319364,0.047709481499812925
10.81888541459401,1132.609104704097,469.0104681282148,13300000000.0,4199999999.9999995,52600000000.0,19300000000.0,1873.0,270.1,945.4,130.5,0.20182094081942337,0.07798340172987642
10.516032702878933,1265.5198098256735,532.3069934059598,5712000000.0,1806000000.0,27100000000.0,9950000000.0,2103.0,260.1,1089.0,99.3,0.17408265268804096,0.06966525089342045
10.818225893613956,1351.5,539.3981446760594,14700000000.0,4648000000.0,51100000000.0,18800000000.0,2483.0,355.9,1026.0,126.9,0.22340425531914893,0.08416398423299337
10.07040732174012,839.875,303.9708329835612,6370000000.0,2015999999.9999998,5390000000.0,1980000000.0,1053.0,159.3,588.0,93.6,0.5416666666666666,0.12037742008511128
7.962856657524326,19.914101453598896,5.030655918465758,60899999.99999999,10444000.0,30902954.32513592,11385069.113365414,21.2,2.7,17.38,1.89,0.6633773438740566,0.09074623852394607
10.731250221985054,1886.9885625162465,585.2006735500812,8357999999.999999,1307600000.0,45500000000.0,12200000000.0,3335.0,93.1,1621.0,150.0,0.15518585911099556,0.040699250667703295
10.892730087872893,1825.9130925293384,266.4315300020015,10505920184.673428,1297410627.1282992,67608297539.19819,7783692903.823189,1793.692355642191,165.85917308716628,1830.92,55.32,0.13449434034929636,0.019653369289951296
10.58273632956959,1186.80318076782,189.47346086904358,8747146925.303125,1201516916.9565842,29512092266.663902,4077246222.97711,1269.3735062746846,89.73426467876675,1162.33,44.18,0.2286283551383241,0.034357975973962604
10.278296208091273,900.9852476290832,298.10706704657457,2380000000.0,389200000.0,16600000000.0,4540000000.0,1394.0,70.19999999999999,830.3,47.7,0.12539515279241306,0.03494724697940989
10.992285834314604,2509.371510059224,468.39294427617455,4914000000.0,820400000.0,93325430079.69925,12893384645.926416,3568.0,269.9,2453.63,79.59,0.05002064849127679,0.010297361286371366
10.164114820984341,815.28125,250.5729335844904,3192000000.0,522199999.99999994,11400000000.0,3120000000.0,1022.0,82.8,757.4,77.4,0.21875,0.05449137857387121
10.648438079376234,1042.5815583715287,750.082503119942,11508000000.0,7126000000.0,33000000000.0,21700000000.0,1840.0,536.0,764.5,239.2,0.25856025882987327,0.17315714102100987
9.764776140467303,375.48165224356416,73.47661485417817,2269898574.781069,338305057.6732316,3548133892.3357606,735289218.7595336,432.4601200015349,22.7205837340657,339.03,18.22,0.3901488325495603,0.0607349610664395
10.61100065270505,751.4434757053292,253.8722692950391,1931999999.9999998,338800000.0,38900000000.0,10000000000.0,2500.0,137.1,664.6,62.8,0.04731583072100313,0.014027337220164481
9.495544337546448,438.5766773162939,392.1288082291602,2968000000.0,1834000000.0,162000000.0,105000000.0,448.1,143.3,264.1,103.2,0.9482428115015974,0.04394986899514188
11.345648141487866,8535.515249954882,3949.0533281315047,31639999999.999996,10654000000.0,190000000000.0,73100000000.0,14940.0,2728.0,7469.0,1021.0,0.14275401552066413,0.06256797157410687
11.178919421035465,2431.23009670155,1921.6568578191668,14980000000.0,9282000000.0,136000000000.0,87600000000.0,8044.0,2402.0,1813.0,579.7,0.09921843952841436,0.07987989174639674
10.697194458267798,1226.8070527753234,907.209878139155,5096000000.0,2660000000.0,44700000000.0,24800000000.0,2804.0,788.0,1047.0,423.6,0.10233753715157844,0.06997855375637865
9.347915186501691,322.34147217235187,252.310021371621,1582000000.0,974399999.9999999,646000000.0,418000000.0,384.1,137.6,171.1,126.0,0.7100538599640933,0.18391821260496427
9.317185507615436,255.63347143270065,176.31954833551654,1080800000.0,669200000.0,995000000.0,643000000.0,291.2,90.1,217.0,104.2,0.5206667308989306,0.22336249274141848
9.402777069610348,283.7911392405063,210.89309213919157,1792000000.0,1104600000.0,736000000.0,475000000.0,315.7,101.89999999999999,206.1,77.6,0.7088607594936709,0.18418196090573205
9.07107154998365,214.0626931567329,176.9724506475887,905800000.0,558600000.0,272000000.0,175000000.0,264.8,83.9,45.1,19.3,0.7690609611139413,0.15828393622516682
9.186730375792312,375.52295081967213,284.15405918844664,1054199999.9999999,652400000.0,483000000.0,312000000.0,456.4,144.4,199.0,76.4,0.6857923497267758,0.19276271485808436
10.829046336853184,1455.3320486214052,1090.2894402854915,8960000000.0,4676000000.0,58500000000.0,32400000000.0,4675.0,1215.0,962.2,677.7,0.1328194485621109,0.08764913585611403
10.005008820672368,816.1644128113879,312.10319037140715,5796000000.0,1834000000.0,4320000000.0,1590000000.0,970.2,201.9,609.5,174.6,0.5729537366548043,0.11876068038789156
9.885813374660488,812.7806451612903,311.3694988645829,5208000000.0,1652000000.0,2480000000.0,912000000.0,959.2,146.7,505.3,107.4,0.6774193548387096,0.10612466516049483
9.884682104206025,600.9181533646322,487.7044603675924,6258000000.0,3835999999.9999995,1410000000.0,906000000.0,669.8,206.29999999999998,295.2,133.9,0.8161189358372457,0.13326697770346932
9.461798557525109,226.45953038674034,169.8127724311256,1035999999.9999999,641200000.0,1860000000.0,1200000000.0,283.3,99.80000000000001,194.8,118.5,0.3577348066298342,0.20541340639813666
9.591732238951836,446.8469534050179,100.66768262674833,2716000000.0,491399999.99999994,1190000000.0,310000000.0,490.2,43.800000000000004,347.9,49.0,0.6953405017921147,0.06719012604700639
8.955783928916912,107.52214348981398,74.99560456774914,501199999.99999994,309400000.0,402000000.0,260000000.0,138.5,43.099999999999994,68.9,21.7,0.5549158547387067,0.22082498696328542
9.239249413476724,295.84892783029744,58.8337978369935,1108800000.0,180600000.0,626000000.0,156000000.0,366.9,15.7,170.0,9.5,0.6391514872031359,0.06866271952972766
9.24084865848536,281.51722949689866,98.15662648135712,1229200000.0,336000000.0,512000000.0,170000000.0,356.5,46.5,101.5,15.1,0.7059499195956811,0.08927687757042044
8.806315669808113,148.45129646985313,120.44788913105856,494199999.99999994,303800000.0,146000000.0,93800000.0,178.6,55.4,46.4,16.3,0.7719462667916275,0.15653740292753326
9.417969642214738,300.5844919786096,222.09328330525173,1750000000.0,1087800000.0,868000000.0,565000000.0,341.1,118.9,218.9,89.6,0.6684491978609626,0.19947291601215222
9.960375631410159,350.38895705521475,238.95225555507173,3108000000.0,1624000000.0,6020000000.0,3340000000.0,496.8,205.89999999999998,274.8,179.0,0.34049079754601225,0.17114293736363145
10.863132442718785,896.6972371450499,924.7206746755708,1568000000.0,972999999.9999999,71400000000.0,46400000000.0,1698.0,571.1,879.1,475.7,0.021488871834228703,0.018893788777011637
10.92722162,4125.599996212925,522.493074235018,52948253565.71004,1806000000.0,31622776601.683792,12200000000.0,6062.0,269.9,801.4,126.9,0.6260802725,0.04891586111469981
11.06735592,3523.7999981613943,1075.8541038824592,66657901923.99371,9282000000.0,50118723362.72715,30300000000.0,5299.7,758.8,1114.5,579.7,0.5708154506,0.07781240927327858
10.86735592,5453.1000008054225,522.493074235018,42058292786.58414,1806000000.0,31622776601.683792,12200000000.0,9597.4,269.9,885.7,126.9,0.5708154506,0.04891586111469981
10.86735592,4092.400000057825,522.493074235018,42058292786.58414,1806000000.0,31622776601.683792,12200000000.0,6435.3,269.9,804.9,126.9,0.5708154506,0.04891586111469981
10.72722162,3522.6999968266186,522.493074235018,33408089464.684383,1806000000.0,19952623149.688828,12200000000.0,4899.9,269.9,878.2,126.9,0.6260802725,0.04891586111469981
10.62722162,3749.8000022650567,522.493074235018,26536988729.993637,1806000000.0,15848931924.611109,12200000000.0,5831.2,269.9,247.8,126.9,0.6260802725,0.04891586111469981
10.22722162,1993.0000013744782,298.10706704657457,10564565498.307802,1002399999.9999999,6309573444.801943,3050000000.0,3047.2,111.80000000000001,181.4,93.6,0.6260802725,0.0835959367482096
10.59246815,3196.699999664692,522.493074235018,26536988729.993637,1806000000.0,12589254117.941662,12200000000.0,4342.2,269.9,726.4,126.9,0.6782401482,0.04891586111469981
10.66273275,3388.1999990597265,522.493074235018,33408089464.684383,1806000000.0,12589254117.941662,12200000000.0,4387.4,269.9,315.2,126.9,0.7263047577,0.04891586111469981
10.59246815,6377.799997397691,522.493074235018,26536988729.993637,1806000000.0,12589254117.941662,12200000000.0,9157.4,269.9,671.0,126.9,0.6782401482,0.04891586111469981
11.16273275,9764.000005729626,1075.8541038824592,105645654983.07802,9282000000.0,39810717055.34969,30300000000.0,13167.5,758.8,910.8,579.7,0.7263047577,0.07781240927327858
10.86735592,4117.699996337512,522.493074235018,42058292786.58414,1806000000.0,31622776601.683792,12200000000.0,6905.1,269.9,907.0,126.9,0.5708154506,0.04891586111469981
