gal,R[kpc],Vrot[km/s],e_Vrot[km/s],hi_l08(Msun/pc^2),hi_err_l08(Msun/pc^2),h2_f16_at_rl08(Msun/pc^2),h2_err_f16_at_rl08(Msun/pc^2),sfrd_l08(1e-4*Msun/yr/kpc^2),sfrd_err_l08(1e-4*Msun/yr/kpc^2)
NGC0925,0.2007126754417861,17.247,3.72,10.033235242222464,0.6520719002358388,3.448329288617372,0.7637549888760701,182.80594080871495,30.986683517610626
NGC0925,0.6021380263253581,17.248144382443822,3.72014489330672,10.75918976872545,1.137568686368172,2.9096464360213496,0.6444445397695212,128.26270614401645,21.04606279566442
NGC0925,1.00356337720893,20.57637994088896,4.14154165468201,11.141177787699956,1.0998933612813064,2.7282992127518133,0.6042787566037072,92.20555147029837,13.420029824627628
NGC0925,1.404988728092502,26.579831343029948,4.174999072386664,10.88372901448278,1.0422847771489292,2.5521175727718313,0.5652570753138002,67.04122287317071,8.950803223595816
NGC0925,1.8064140789760736,34.358247587963746,2.6558979374091662,10.883360809483722,1.0422847771489292,2.3486332243577928,0.5201882395815457,52.84481004405758,9.12695925955766
NGC0925,2.2078394298596464,42.35380177832385,2.0722334657886488,11.019931475923896,1.0945848101524578,1.8014162224430361,0.3989876000168199,45.620847096252625,10.628475801579667
NGC0925,2.6092647807432185,49.88244346697896,2.154273421453565,10.610386468404604,1.0947748224207208,1.0612403114034914,0.23504935706293767,37.03916465751494,8.024378665087307
NGC0925,3.0106901316267902,55.10297016951458,1.8107651609959805,9.661658265517165,0.8309159948834819,0.5297064320953326,0.11732230198780305,25.6817734175409,3.8247607264609855
NGC0925,3.412115482510364,60.391571653766654,2.111104135348275,9.604818234933203,0.678611631717357,0.3729440117547648,0.08260169656342899,21.073947363005836,2.478541401570799
NGC0925,3.8135408333939353,65.85475099377666,2.4730859505106992,10.452486164487933,0.7817135828616968,0.32741597315338955,0.07251789548030077,19.68623112741521,2.088852046265899
NGC0925,4.214966184277508,71.42553071198088,2.5049973436527218,11.266105207725815,0.7722836308906614,0.23962654750937556,0.05307380931732754,20.0561328937802,2.2222412388832002
NGC0925,4.616391535161078,76.6850278997348,2.6532752312721897,9.570033849937913,0.5577015337302899,0.16073687992494945,0.03560089065284034,19.84674585880431,2.4298118658183645
NGC0925,5.017816886044653,82.05555010880192,3.173262545494312,8.412089279698277,0.4146553743261531,0.1128190450604826,0.024987784313291732,17.06106838978947,1.9421080945883435
NGC0925,5.4192422369282225,84.77910364366083,3.678586470147264,8.124566880543671,0.4696659828355408,0.10795961478651608,0.023911490895755196,14.70074418679503,1.7397026414881118
NGC0925,5.820667587811795,84.95085777388961,3.8218813404253553,8.430824048924578,0.5894115557297095,0.17039775531442972,0.037740634615222805,14.991313030388307,2.375371231215942
NGC0925,6.222092938695368,86.58182303919278,3.7747895007907193,9.23177918005649,0.7063787134637475,0.2751178624665859,0.06093462149376844,16.865501251937054,3.5530692486097584
NGC0925,6.6235182895789375,90.13673410671896,2.8655910381551646,10.059788626613955,0.7817135828616968,0.2951185447176911,0.06536448290538889,17.43840774437114,3.8147478641224324
NGC0925,7.024943640462513,94.0334528486797,3.3979250179220686,10.357114754025513,0.7468979577432231,0.22477139919262576,0.04978360913984951,15.665074819695734,2.7328338832657315
NGC0925,7.4263689913460835,97.57543236891682,3.3994976454900967,10.144889905950203,0.6514279857180807,0.16266684968712553,0.0360283509998286,13.94911037957577,1.8544687418285513
NGC0925,7.827794342229656,101.66190598335083,3.109148986489489,9.88703744726828,0.6514279857180807,0.08650019069584448,0.0191585392963361,13.875638153084289,2.33770121505884
NGC0925,8.229219693113228,105.06099135151094,3.0779852444923947,9.67759993114755,0.6514279857180807,0.08650019069584448,0.0191585392963361,11.340344607206191,2.2328490861495864
NGC0925,8.630645043996799,106.87239828310992,3.0510238403285728,9.533311629861917,0.6514279857180807,0.08650019069584448,0.0191585392963361,8.17242181002382,1.3092712341310397
NGC0925,9.032070394880371,107.90140450789468,3.178026529413871,9.40256213086787,0.6514279857180807,0.08650019069584448,0.0191585392963361,6.699983036084899,0.8374370718935161
NGC0925,9.433495745763944,110.20810241968832,3.3293099638886505,9.380562994340362,0.6514279857180807,0.08650019069584448,0.0191585392963361,6.772440668485786,0.9470670618441331
NGC0925,9.834921096647514,112.64952008659176,2.536656035806784,9.68321146537504,0.6514279857180807,0.08650019069584448,0.0191585392963361,7.713913817811648,1.3225292136489746
NGC0925,10.236346447531089,112.89959356189745,2.5300105673906668,10.084575497431732,0.5862160942093153,0.08650019069584448,0.0191585392963361,9.32041498977797,1.990416584310113
NGC0925,10.63777179841466,114.4491179240467,2.124231046991639,10.202058421231387,0.5211423885744646,0.08650019069584448,0.0191585392963361,10.858756144908625,2.852146668755333
NGC0925,11.039197149298232,114.30519077382343,1.8227927814205096,10.068093047264094,0.5211423885744646,0.08650019069584448,0.0191585392963361,11.164919405178496,3.148825372131226
NGC0925,11.440622500181801,114.69363470788736,2.418939384598348,10.135504094013461,0.5211423885744646,0.08650019069584448,0.0191585392963361,9.99601049742102,2.402746574078094
NGC0925,11.842047851065375,115.44094607827708,2.5105703482080544,9.868226401290665,0.5086857694790992,0.08650019069584448,0.0191585392963361,6.729298337244139,1.1480487669926076
NGC0925,12.243473201948946,114.98859363063958,3.1007255282383763,9.554251256561813,0.40377779868322183,0.08650019069584448,0.0191585392963361,5.2604273506210655,0.9382825135635585
NGC0925,12.64489855283252,114.63608905088016,2.7280944900674644,8.605059070785986,0.3908567914308484,0.08650019069584448,0.0191585392963361,4.052413668878642,0.6823325317738572
NGC0925,13.046323903716091,115.5594443058144,3.1547810170115165,7.919104356990477,0.3908567914308484,0.08650019069584448,0.0191585392963361,3.539737454473199,0.7391134895154303
NGC0925,13.447749254599664,117.1490063979024,3.3653686869474546,7.023496179357466,0.46709084987654764,0.08650019069584448,0.0191585392963361,3.1397199754944425,0.8600282187315431
NGC0925,13.849174605483238,118.73374153955696,3.3131077940600244,6.230907991812476,0.5211423885744646,0.08650019069584448,0.0191585392963361,2.57222722832198,0.828496824376359
NGC0925,14.250599956366804,119.17955805653492,3.0407718500998624,5.861091446338418,0.5211423885744646,0.08650019069584448,0.0191585392963361,,
NGC0925,14.652025307250383,121.71306679351405,3.148519137821185,5.4756830700385715,0.4671665883917384,0.08650019069584448,0.0191585392963361,,
NGC0925,15.053450658133952,122.7725501200998,3.452084577295328,4.827198074697859,0.3908567914308484,0.08650019069584448,0.0191585392963361,,
NGC0925,15.454876009017523,122.99893042899984,4.1717775274017646,4.223882226499831,0.3908567914308484,0.08650019069584448,0.0191585392963361,,
NGC0925,15.856301359901096,123.60494508820886,4.491942999622641,3.6986220414182873,0.37341289204583844,0.08650019069584448,0.0191585392963361,,
NGC2403,0.20682132208566653,49.629,1.7185,7.265234204755222,0.32352433693065163,8.955113289379858,4.781515335208442,94.38407315128185,5.7840215807288775
NGC2403,0.6204639662569995,64.64623872800469,1.1692394847348824,7.646124981326831,0.4271539783537067,10.009574805839657,5.344537124929302,87.6208540190071,15.486773626114381
NGC2403,1.0341066104283323,76.44819967700195,2.2735863051857095,7.795560104955146,0.32036548376528,6.526789218745268,3.4849299758289036,82.84853269746331,28.811187547100346
NGC2403,1.4477492545996655,84.98282640770614,0.6684730011730368,7.874309348314565,0.39622670691402523,6.087886033078616,3.2505809234918708,81.0967487491756,31.14523547561967
NGC2403,1.8613918987709983,91.66344189355397,1.781023665384722,8.07452886813095,0.64073096753056,3.5017485048350423,1.8697322562930407,51.05300364328642,9.21239303961199
NGC2403,2.275034542942332,95.29622227632456,1.8059624116050232,8.476197841449771,0.7475194621189867,2.151133084863885,1.1485813189598628,35.58009182511519,5.1963827044818265
NGC2403,2.6886771871136643,97.95792276925313,1.35585127344274,8.945791438296474,0.7475194621189867,1.987220584698852,1.0610614732756172,31.51494656732258,4.09302708531758
NGC2403,3.1023198312849973,105.2353099969541,1.5206699586538637,9.666747701501018,0.7475194621189867,2.167721258764055,1.1574384495537136,31.50626506396323,5.211206834271522
NGC2403,3.5159624754563303,110.8094943250504,1.740480059421238,10.358483975077386,0.64073096753056,1.565813491089448,0.836054327598455,40.0172941372868,14.185769589492942
NGC2403,3.9296051196276633,116.22483031010128,2.0651900093695432,10.112779858845588,0.5339424729421335,0.49267271134859847,0.2630588858485765,29.357388029905547,9.217100099224872
NGC2403,4.343247763798996,119.91586840236828,1.8908207763194729,9.25747190954419,0.5339424729421335,0.18213592356312883,0.09725010543889637,16.646414815444132,4.192354248367978
NGC2403,4.75689040797033,123.03517355962168,2.4263581127345337,8.205700720019241,0.4271539783537067,0.10533128003856362,0.05624084414195101,10.149725186083039,1.96579262117357
NGC2403,5.170533052141662,124.99478820108644,2.0743975824156142,7.216218556371502,0.4271539783537067,0.12231234359974791,0.0653077552129973,8.177492290092795,2.2809034213675936
NGC2403,5.584175696312998,125.8370937895777,2.152703777713836,6.530142512825321,0.4271539783537067,0.03364099297560328,0.017962354981622505,7.459354892564987,3.9957724597086566
NGC2403,5.997818340484328,126.05790302716676,1.4553062761882585,6.088099081472734,0.32036548376528,0.011698191743278597,0.006246161428357398,5.667454243780358,2.4649992511224976
NGC2403,6.411460984655662,126.4085430087298,0.6265799836428223,5.980155696951893,0.32036548376528,0.011698191743278597,0.006246161428357398,4.786520660142687,0.8477957344761814
NGC2403,6.8251036288269935,125.62408610704465,2.0248461837821545,6.15352465095026,0.32036548376528,0.011698191743278597,0.006246161428357398,3.7476187765916595,0.5339424729421335
NGC2403,7.23874627299833,125.96778917369907,1.4108766068660068,6.1728990984947245,0.32036548376528,0.011698191743278597,0.006246161428357398,3.138925859126216,0.5113520006848552
NGC2403,7.65238891716966,126.39536825253288,0.5622539006385825,5.816719682025494,0.23521983311663888,0.011698191743278597,0.006246161428357398,2.398517638517635,0.4271539783537067
NGC2403,8.066031561340996,127.45101364608703,1.3224423281293205,5.482255294981494,0.2135769891768533,0.011698191743278597,0.006246161428357398,1.5644131536529056,0.2451150125179365
NGC2403,8.479674205512326,127.62985913716597,0.5665953225360485,5.3501812522532095,0.2135769891768533,0.011698191743278597,0.006246161428357398,1.1851069963628407,0.11458237857699795
NGC2403,8.893316849683657,126.52782173417692,1.9552038558811864,5.12584774024448,0.2135769891768533,0.011698191743278597,0.006246161428357398,,
NGC2403,9.306959493854992,126.67398548448072,0.49214373306419,5.12584774024448,0.2135769891768533,0.011698191743278597,0.006246161428357398,,
NGC2403,9.720602138026322,126.9397443688768,1.147369571365386,5.12584774024448,0.2135769891768533,0.011698191743278597,0.006246161428357398,,
NGC2403,10.13424478219766,127.78745125624592,1.4414636859084835,5.12584774024448,0.2135769891768533,0.011698191743278597,0.006246161428357398,,
NGC2403,10.547887426368993,129.4765398927624,1.5949582959672055,5.12584774024448,0.2135769891768533,0.011698191743278597,0.006246161428357398,,
NGC2403,10.961530070540324,130.24013278718067,0.4448070622531815,5.12584774024448,0.2135769891768533,0.011698191743278597,0.006246161428357398,,
NGC2403,11.37517271471166,131.10573716641423,0.4585039632602917,5.12584774024448,0.2135769891768533,0.011698191743278597,0.006246161428357398,,
NGC2403,11.78881535888299,132.87121193030495,0.4679957630661554,5.12584774024448,0.2135769891768533,0.011698191743278597,0.006246161428357398,,
NGC2403,12.202458003054325,133.94858871326704,1.5201207879655314,5.12584774024448,0.2135769891768533,0.011698191743278597,0.006246161428357398,,
NGC2403,12.616100647225652,134.00016142453583,0.5904163245747243,5.12584774024448,0.2135769891768533,0.011698191743278597,0.006246161428357398,,
NGC2403,13.029743291396988,134.66358827412463,2.301438131684412,5.12584774024448,0.2135769891768533,0.011698191743278597,0.006246161428357398,,
NGC2403,13.443385935568323,134.90064847036155,2.0363952854373,5.12584774024448,0.2135769891768533,0.011698191743278597,0.006246161428357398,,
NGC2403,13.857028579739652,134.78792585835654,2.3314611688319866,5.12584774024448,0.2135769891768533,0.011698191743278597,0.006246161428357398,,
NGC2403,14.270671223910988,133.71485291188307,1.7694467066426807,5.12584774024448,0.2135769891768533,0.011698191743278597,0.006246161428357398,,
NGC2403,14.684313868082324,133.23779054329643,2.967011211832816,5.12584774024448,0.2135769891768533,0.011698191743278597,0.006246161428357398,,
NGC2403,15.097956512253655,133.91992808200783,2.7235258504642315,5.12584774024448,0.2135769891768533,0.011698191743278597,0.006246161428357398,,
NGC2403,15.511599156424989,134.78616055222335,2.2944158510035466,5.12584774024448,0.2135769891768533,0.011698191743278597,0.006246161428357398,,
NGC2403,15.92524180059632,135.38390482308355,2.8095540821449254,5.12584774024448,0.2135769891768533,0.011698191743278597,0.006246161428357398,,
NGC2403,16.338884444767654,134.33429406428377,2.7530160881982084,5.12584774024448,0.2135769891768533,0.011698191743278597,0.006246161428357398,,
NGC2403,16.752527088938987,135.34484399518422,2.699561112902812,5.12584774024448,0.2135769891768533,0.011698191743278597,0.006246161428357398,,
NGC2403,17.16616973311032,134.4068871525198,2.905585869292948,5.12584774024448,0.2135769891768533,0.011698191743278597,0.006246161428357398,,
NGC2403,17.579812377281655,134.20708994987464,2.8580218060302185,5.12584774024448,0.2135769891768533,0.011698191743278597,0.006246161428357398,,
NGC2403,17.993455021452984,134.70134839521552,2.8964493196278744,5.12584774024448,0.2135769891768533,0.011698191743278597,0.006246161428357398,,
NGC2403,18.40709766562432,134.6930196159647,3.259706643205924,5.12584774024448,0.2135769891768533,0.011698191743278597,0.006246161428357398,,
NGC2403,18.82074030979565,133.523735684114,3.99303909704652,5.12584774024448,0.2135769891768533,0.011698191743278597,0.006246161428357398,,
NGC2841,3.897,309.96,9.4045,1.38239210992654,0.20364925362810918,0.9015032772821626,0.28456522782080057,18.162339652419455,1.7598688717073097
NGC2841,4.307,311.942,7.4295,1.660517225902669,0.20364925362810918,1.2440996906906665,0.39270795884457954,20.666816567759447,1.4821708084112555
NGC2841,4.717,315.66200000000003,7.0945,1.9048492775381605,0.20364925362810918,1.5860028590989288,0.5006318626866934,21.18888035215649,1.1064182900458168
NGC2841,5.127000000000001,315.747,5.424,2.1493589692980435,0.20364925362810918,1.9554225274887482,0.6172415242885454,21.033351474646267,0.8104122215131355
NGC2841,5.537000000000001,318.433,6.0455000000000005,2.3242116078110104,0.20364925362810918,2.0875702679638484,0.6589547967989581,20.37129744287014,0.749444143245862
NGC2841,5.947,320.764,7.8765,2.4648307866998103,0.20364925362810918,2.169756922705413,0.6848975356882397,19.71701588887919,0.7682105704468931
NGC2841,6.358,319.302,7.295499999999999,2.5246223855492254,0.20364925362810918,2.149625907622537,0.6785430530838138,19.059569791971487,0.9471741961249959
NGC2841,6.768,323.038,6.908,2.584128889771245,0.20364925362810918,2.005805225636826,0.6331451425426666,17.904008309447164,1.0182462681405462
NGC2841,7.178,325.082,6.6365,2.6441789377477734,0.20364925362810918,1.8130907813329769,0.5723136057866226,16.564560207770235,1.0182462681405462
NGC2841,7.587999999999998,323.298,5.8115000000000006,2.6474402971654203,0.13868394802830838,1.5910189744664875,0.502215231320303,14.7254667600273,1.0734855457642178
NGC2841,7.997999999999998,321.346,6.2415,2.6638101927283064,0.1018246268140546,1.40303691708058,0.4428775025130225,13.160159545605154,1.1027694008507014
NGC2841,8.407999999999998,321.907,4.5525,2.733401283979423,0.1018246268140546,1.2635530181679522,0.39884852505764473,12.048008374740807,1.0332364187684335
NGC2841,8.818999999999999,321.851,5.6935,2.795208861259406,0.1018246268140546,1.0491211439022854,0.3311617437778114,11.188876918148074,1.0182462681405462
NGC2841,9.229,324.416,4.4990000000000006,2.855237431353894,0.1018246268140546,0.8527304188882555,0.2691697656964962,10.434253106142211,1.0138113747590876
NGC2841,9.639,325.332,4.667,2.914529762475209,0.1018246268140546,0.7074885896190211,0.22332326100079186,9.70403556993808,0.9531392273388686
NGC2841,10.049,322.737,1.619,2.974300029126072,0.1018246268140546,0.5818427787921,0.18366236382637013,8.942342334149066,0.8686866685645364
NGC2841,10.459,323.444,4.683,3.033949845920347,0.1018246268140546,0.4711919510576973,0.1487347281801325,8.108813828321468,0.7497831593629012
NGC2841,10.869,322.36,4.715,3.0547388044216386,0.1018246268140546,0.35536572896657037,0.11217344647702904,7.302663309169327,0.6717755175860253
NGC2841,11.279,321.889,4.3455,3.0547388044216386,0.1018246268140546,0.25819566665035015,0.08150109994520163,6.553029508415947,0.6137796442690088
NGC2841,11.69,322.087,5.735,2.9395461705928843,0.1018246268140546,0.19105401388304655,0.06030741136140207,5.679387905433731,0.6109477608843277
NGC2841,12.1,321.39,2.927,2.7977432373241102,0.1018246268140546,0.1332550332235078,0.04206279649014214,4.842037159362549,0.5926621649324131
NGC2841,12.51,320.063,4.0785,2.5892592662933067,0.1018246268140546,0.076955532167762,0.024291501867203875,3.9415749862369625,0.5232388931849239
NGC2841,12.92,321.546,4.082,2.401117902825165,0.13978692110502028,0.015276583762338558,0.004822150565840702,3.20632317074026,0.45974933653661665
NGC2841,13.33,323.907,5.7115,2.235680034931323,0.20364925362810918,0.002584061878213801,0.0008156755228819997,2.606044655383083,0.4023076594793982
NGC2841,13.74,319.36400000000003,7.0305,2.1755859058100433,0.20364925362810918,0.002584061878213801,0.0008156755228819997,2.101080964364104,0.33992248911138623
NGC2841,14.151,316.675,5.7875,2.159883271447893,0.17536638609706134,0.002584061878213801,0.0008156755228819997,1.708592969240862,0.2798908374900027
NGC2841,14.561,316.30400000000003,5.7775,2.2195436617154765,0.11685001792750871,0.002584061878213801,0.0008156755228819997,1.4120826311128098,0.22072397850456313
NGC2841,14.970999999999998,313.645,6.731,2.240141789909202,0.1018246268140546,0.002584061878213801,0.0008156755228819997,1.1958695959238252,0.20364925362810918
NGC2841,15.380999999999998,312.964,7.1880000000000015,2.240141789909202,0.1018246268140546,0.002584061878213801,0.0008156755228819997,1.0255234019570627,0.20364925362810918
NGC2841,15.790999999999999,313.547,9.4625,2.182682033783528,0.1018246268140546,0.002584061878213801,0.0008156755228819997,,
NGC2841,16.201,309.803,7.582499999999999,2.120827062289353,0.1018246268140546,0.002584061878213801,0.0008156755228819997,,
NGC2841,16.612,306.642,5.384,2.0511177200731074,0.1018246268140546,0.002584061878213801,0.0008156755228819997,,
NGC2841,17.022000000000002,307.943,6.787999999999999,2.0364925362810924,0.1018246268140546,0.002584061878213801,0.0008156755228819997,,
NGC2841,17.432000000000002,310.5,9.1145,2.0364925362810924,0.1018246268140546,0.002584061878213801,0.0008156755228819997,,
NGC2841,17.842,312.246,11.4425,2.0364925362810924,0.1018246268140546,0.002584061878213801,0.0008156755228819997,,
NGC2841,18.252,313.177,12.691,2.0364925362810924,0.1018246268140546,0.002584061878213801,0.0008156755228819997,,
NGC2841,18.662,314.857,12.003,2.0364925362810924,0.1018246268140546,0.002584061878213801,0.0008156755228819997,,
NGC2841,19.073,311.10900000000004,12.4795,2.0364925362810924,0.1018246268140546,0.002584061878213801,0.0008156755228819997,,
NGC2841,19.483,300.465,11.0685,2.0364925362810924,0.1018246268140546,0.002584061878213801,0.0008156755228819997,,
NGC2841,19.893,299.046,9.0905,2.0364925362810924,0.1018246268140546,0.002584061878213801,0.0008156755228819997,,
NGC2841,20.303,299.474,8.4495,2.0364925362810924,0.1018246268140546,0.002584061878213801,0.0008156755228819997,,
NGC2841,20.713,300.553,9.562,2.0364925362810924,0.1018246268140546,0.002584061878213801,0.0008156755228819997,,
NGC2841,21.123,300.86400000000003,7.700999999999999,2.0364925362810924,0.1018246268140546,0.002584061878213801,0.0008156755228819997,,
NGC2841,21.534,299.795,8.375,2.0364925362810924,0.1018246268140546,0.002584061878213801,0.0008156755228819997,,
NGC2841,21.944,298.791,8.6105,2.0364925362810924,0.1018246268140546,0.002584061878213801,0.0008156755228819997,,
NGC2841,22.354,299.911,8.2615,2.0364925362810924,0.1018246268140546,0.002584061878213801,0.0008156755228819997,,
NGC2841,22.764,300.778,9.257,2.0364925362810924,0.1018246268140546,0.002584061878213801,0.0008156755228819997,,
NGC2841,23.174,301.437,9.7595,2.0364925362810924,0.1018246268140546,0.002584061878213801,0.0008156755228819997,,
NGC2841,23.584,300.737,12.0145,2.0364925362810924,0.1018246268140546,0.002584061878213801,0.0008156755228819997,,
NGC2841,23.995,306.518,12.3605,2.0364925362810924,0.1018246268140546,0.002584061878213801,0.0008156755228819997,,
NGC2841,24.405,304.096,12.0765,2.0364925362810924,0.1018246268140546,0.002584061878213801,0.0008156755228819997,,
NGC2841,24.815,304.25,14.6695,2.0364925362810924,0.1018246268140546,0.002584061878213801,0.0008156755228819997,,
NGC2841,25.225,305.58,16.3635,2.0364925362810924,0.1018246268140546,0.002584061878213801,0.0008156755228819997,,
NGC2841,25.635,297.211,18.725,2.0364925362810924,0.1018246268140546,0.002584061878213801,0.0008156755228819997,,
NGC2841,26.045,297.041,21.6895,2.0364925362810924,0.1018246268140546,0.002584061878213801,0.0008156755228819997,,
NGC2841,26.456,287.46,27.597,2.0364925362810924,0.1018246268140546,0.002584061878213801,0.0008156755228819997,,
NGC2841,26.866,292.028,26.2305,2.0364925362810924,0.1018246268140546,0.002584061878213801,0.0008156755228819997,,
NGC2841,27.276,270.163,35.3545,2.0364925362810924,0.1018246268140546,0.002584061878213801,0.0008156755228819997,,
NGC2841,27.686,291.491,30.159,2.0364925362810924,0.1018246268140546,0.002584061878213801,0.0008156755228819997,,
NGC2841,28.096,293.04400000000004,28.304,2.0364925362810924,0.1018246268140546,0.002584061878213801,0.0008156755228819997,,
NGC2841,28.506,281.4,19.5605,2.0364925362810924,0.1018246268140546,0.002584061878213801,0.0008156755228819997,,
NGC2841,28.916,281.882,22.13150000000001,2.0364925362810924,0.1018246268140546,0.002584061878213801,0.0008156755228819997,,
NGC2841,29.327,293.272,39.193,2.0364925362810924,0.1018246268140546,0.002584061878213801,0.0008156755228819997,,
NGC2841,29.737,294.663,34.1105,2.0364925362810924,0.1018246268140546,0.002584061878213801,0.0008156755228819997,,
NGC2841,30.147,286.641,32.675,2.0364925362810924,0.1018246268140546,0.002584061878213801,0.0008156755228819997,,
NGC2841,30.557,291.528,28.4345,2.0364925362810924,0.1018246268140546,0.002584061878213801,0.0008156755228819997,,
NGC2841,30.967,288.962,19.821,2.0364925362810924,0.1018246268140546,0.002584061878213801,0.0008156755228819997,,
NGC2841,31.377,294.098,12.16,2.0364925362810924,0.1018246268140546,0.002584061878213801,0.0008156755228819997,,
NGC2841,31.788,289.502,18.336,2.0364925362810924,0.1018246268140546,0.002584061878213801,0.0008156755228819997,,
NGC2841,32.198,290.965,15.4045,2.0364925362810924,0.1018246268140546,0.002584061878213801,0.0008156755228819997,,
NGC2841,32.608000000000004,287.015,11.8915,2.0364925362810924,0.1018246268140546,0.002584061878213801,0.0008156755228819997,,
NGC2841,33.018,291.307,10.0315,2.0364925362810924,0.1018246268140546,0.002584061878213801,0.0008156755228819997,,
NGC2841,33.428000000000004,291.899,7.92,2.0364925362810924,0.1018246268140546,0.002584061878213801,0.0008156755228819997,,
NGC2841,33.838,291.86400000000003,8.4075,2.0364925362810924,0.1018246268140546,0.002584061878213801,0.0008156755228819997,,
NGC2841,34.249,290.132,10.484,2.0364925362810924,0.1018246268140546,0.002584061878213801,0.0008156755228819997,,
NGC2841,34.659,284.753,11.073,2.0364925362810924,0.1018246268140546,0.002584061878213801,0.0008156755228819997,,
NGC2841,35.069,283.783,9.9035,2.0364925362810924,0.1018246268140546,0.002584061878213801,0.0008156755228819997,,
NGC2841,35.479,282.226,10.076,2.0364925362810924,0.1018246268140546,0.002584061878213801,0.0008156755228819997,,
NGC2841,35.889,283.087,8.6225,2.0364925362810924,0.1018246268140546,0.002584061878213801,0.0008156755228819997,,
NGC2841,36.299,284.079,6.9685000000000015,2.0364925362810924,0.1018246268140546,0.002584061878213801,0.0008156755228819997,,
NGC2841,36.71,282.687,6.745,2.0364925362810924,0.1018246268140546,0.002584061878213801,0.0008156755228819997,,
NGC2841,37.12,282.35400000000004,7.352,2.0364925362810924,0.1018246268140546,0.002584061878213801,0.0008156755228819997,,
NGC2841,37.53,280.161,6.912000000000001,2.0364925362810924,0.1018246268140546,0.002584061878213801,0.0008156755228819997,,
NGC2841,37.94,278.24,7.958999999999999,2.0364925362810924,0.1018246268140546,0.002584061878213801,0.0008156755228819997,,
NGC2841,38.35,277.695,9.385,2.0364925362810924,0.1018246268140546,0.002584061878213801,0.0008156755228819997,,
NGC2841,38.76,281.831,11.6875,2.0364925362810924,0.1018246268140546,0.002584061878213801,0.0008156755228819997,,
NGC2841,39.171,280.223,11.6985,2.0364925362810924,0.1018246268140546,0.002584061878213801,0.0008156755228819997,,
NGC2841,39.581,279.748,11.9815,2.0364925362810924,0.1018246268140546,0.002584061878213801,0.0008156755228819997,,
NGC2841,39.991,281.106,18.1025,2.0364925362810924,0.1018246268140546,0.002584061878213801,0.0008156755228819997,,
NGC2841,40.401,285.732,18.733,2.0364925362810924,0.1018246268140546,0.002584061878213801,0.0008156755228819997,,
NGC2841,40.811,283.855,18.8365,2.0364925362810924,0.1018246268140546,0.002584061878213801,0.0008156755228819997,,
NGC2841,41.221,285.23400000000004,27.834,2.0364925362810924,0.1018246268140546,0.002584061878213801,0.0008156755228819997,,
NGC2841,41.632,288.47,27.7975,2.0364925362810924,0.1018246268140546,0.002584061878213801,0.0008156755228819997,,
NGC2841,42.042,285.715,21.1745,2.0364925362810924,0.1018246268140546,0.002584061878213801,0.0008156755228819997,,
NGC2841,42.452,285.39599999999996,27.2395,2.0364925362810924,0.1018246268140546,0.002584061878213801,0.0008156755228819997,,
NGC2841,42.862,281.422,29.1565,2.0364925362810924,0.1018246268140546,0.002584061878213801,0.0008156755228819997,,
NGC2841,43.272,282.143,29.2485,2.0364925362810924,0.1018246268140546,0.002584061878213801,0.0008156755228819997,,
NGC2841,43.682,285.496,50.504,2.0364925362810924,0.1018246268140546,0.002584061878213801,0.0008156755228819997,,
NGC2841,44.093,276.0,45.435,2.0364925362810924,0.1018246268140546,0.002584061878213801,0.0008156755228819997,,
NGC2841,44.503,284.506,19.0295,2.0364925362810924,0.1018246268140546,0.002584061878213801,0.0008156755228819997,,
NGC2841,44.913,278.586,13.720999999999998,2.0364925362810924,0.1018246268140546,0.002584061878213801,0.0008156755228819997,,
NGC2841,45.323,277.497,14.374,2.0364925362810924,0.1018246268140546,0.002584061878213801,0.0008156755228819997,,
NGC2841,45.733,278.32,8.373000000000001,2.0364925362810924,0.1018246268140546,0.002584061878213801,0.0008156755228819997,,
NGC2841,46.143,280.709,9.614,2.0364925362810924,0.1018246268140546,0.002584061878213801,0.0008156755228819997,,
NGC2841,46.553,278.24,6.9060000000000015,2.0364925362810924,0.1018246268140546,0.002584061878213801,0.0008156755228819997,,
NGC2976,0.19959760502266505,24.47,1.28,7.742868474877502,0.39715699781413516,1.2460612219434906,0.829068365122286,107.20684719073093,21.839864904082336
NGC2976,0.5987928150679951,34.81362617327991,1.6068302018226424,8.37212735626589,0.5728066252361409,0.7463727851530085,0.4966000497097844,65.78093362052203,9.430200388175987
NGC2976,0.9979880251133251,53.180448915114965,1.9719890455297333,8.944297151972481,0.801765811638108,1.2219929412235742,0.8130545049713037,79.35714764663935,20.237125425599697
NGC2976,1.397183235158655,68.17686241790452,1.3799866821563884,8.721840247964249,1.1471572909544443,3.3512415379495426,2.2297526751247583,112.33707883704419,56.003132759812914
NGC2976,1.7963784452039857,74.4099083513926,1.3516603868809547,6.688361707673056,0.921648824093122,1.5833852308532914,1.0535073089385047,44.16202340009965,27.021693778229267
NGC2976,2.1955736552493152,77.47772354059097,2.0482560284100546,4.381794428267643,0.8030101036681111,0.06769407381028959,0.04504033518901157,12.686809629072469,7.456586424865401
NGC2976,2.594768865294645,76.66447327582524,3.135370317231277,2.349132704521782,0.5160273427319223,0.06467134490831711,0.043029158799895204,3.1041693178032084,1.2774800448374966
NGC2976,2.993964075339976,77.63691239425013,5.416794626191689,1.4339836629464773,0.34414718728633326,0.06467134490831711,0.043029158799895204,1.4339836629464773,0.3313240299107912
NGC3198,1.4049887280925024,56.964246337468815,11.855500110080404,4.314737299907552,0.3729914707009747,7.312471960550072,2.181991736820169,63.496732732386846,25.748747807825172
NGC3198,1.8064140789760743,71.71143402650769,9.343004371459552,4.580337703831924,0.3471106340460295,5.588399203919155,1.6675401903471694,36.27580438482404,9.15477087768103
NGC3198,2.207839429859647,79.8877294818179,7.893079969760678,4.996730345375886,0.2646399625739711,4.516372299607644,1.3476546770110387,28.513157240673998,2.779035608230354
NGC3198,2.6092647807432185,86.88382680626394,5.028670012058824,5.515218867023471,0.372752234325182,4.292425736485792,1.2808305506612403,27.36082183867553,1.9398717756023867
NGC3198,3.0106901316267902,92.6855215541086,4.528386179241238,6.109497234616823,0.6216524511682913,4.2923905154629,1.280820040948338,27.940501204350674,1.7651550884834382
NGC3198,3.4121154825103632,100.01727114265051,5.032235568032864,6.796085112137395,0.6216524511682913,4.709126930946148,1.405171343752937,31.559190404987888,2.985296359159771
NGC3198,3.8135408333939353,111.38799370611127,4.113051400151449,7.4046700742372416,0.5959487470134974,5.115810431867115,1.526522925447603,34.85230593528916,4.637652338816937
NGC3198,4.214966184277508,118.78237748712358,4.028507041428497,7.654497177365782,0.5133008905170702,5.42087174924619,1.6175511409861614,36.35169250601844,5.808500334048575
NGC3198,4.616391535161079,129.57563956108484,4.470829477801887,7.764439963558356,0.4366835571016722,5.2951096420909485,1.5800245863411317,34.46121670380853,5.80291585248736
NGC3198,5.017816886044653,135.64123639486843,5.373587879439646,7.839054070481533,0.3729914707009747,5.052434881490578,1.5076120936544606,31.761680268642053,5.397776622059221
NGC3198,5.4192422369282225,138.27804366756135,5.5949312864989285,7.980813958010175,0.3729914707009747,4.661151795740343,1.3908558907629438,27.743382413169606,3.991995642775224
NGC3198,5.820667587811798,140.00756781614436,7.138222032246598,8.102779057481374,0.3919549229987352,4.14785230593389,1.237690825472569,23.90104668512921,3.0042927851854473
NGC3198,6.222092938695368,137.3362908380069,6.104114026985284,8.174033258950207,0.46225763132811726,3.393996235038247,1.0127453178083896,19.939665507684733,2.3546371612536254
NGC3198,6.6235182895789375,138.59249255793608,4.4370005361889575,8.205812355421443,0.497321960934633,2.768413685982733,0.8260757537947249,17.175289931829617,2.11361833397219
NGC3198,7.024943640462513,142.69342375535234,3.653109908125476,8.210210669952366,0.5012921533438516,2.23856222195778,0.6679716923389394,15.19097174024449,2.11361833397219
NGC3198,7.426368991346084,143.84019801508785,2.939122316386937,8.281319175663521,0.5697251437884743,1.6484371663084725,0.49188240241563547,13.644575724387531,2.11361833397219
NGC3198,7.827794342229658,145.29525429825915,3.0134612788986006,8.352703809782103,0.6216524511682913,1.1786323355048198,0.35169584658853387,12.266544102330448,2.065869342355374
NGC3198,8.229219693113228,146.0887957044101,3.6768748514354974,8.423970104832522,0.6216524511682913,0.79119404112791,0.23608690320811723,11.048786159059336,1.922784645939836
NGC3198,8.6306450439968,147.54271438820732,3.4482022013053046,8.549208820195153,0.6216524511682913,0.5245739717153847,0.15652929376125824,10.520123812204139,1.9568811393880325
NGC3198,9.032070394880371,148.9833102978309,2.6840246031858017,8.697398945539195,0.6216524511682913,0.3563880987332011,0.1063437768694567,10.569166867394294,2.2077417597633766
NGC3198,9.433495745763944,150.75277726739728,2.824323761890136,8.625928203504206,0.6216524511682913,0.3563880987332011,0.1063437768694567,12.272320719324107,3.808828191064297
NGC3198,9.834921096647518,153.49246125341867,3.6458383563489662,8.455318017504126,0.5954822021887468,0.3563880987332011,0.1063437768694567,13.032736097311735,5.144856295495325
NGC3198,10.236346447531089,154.06806356661167,3.880118761059802,8.098327925018577,0.5239553821131087,0.3563880987332011,0.1063437768694567,11.60245181576013,4.286092320843171
NGC3198,10.637771798414663,153.8631172307396,4.267779481011676,7.7562218032728385,0.44373749148219854,0.3563880987332011,0.1063437768694567,9.143931925761281,2.406636643527853
NGC3198,11.039197149298232,154.4452643369944,3.711097103385697,7.480237910519092,0.37904865612553124,0.3563880987332011,0.1063437768694567,6.794088656926347,1.1033378317108637
NGC3198,11.440622500181801,154.98349384974625,3.908814067253724,7.6924862349576,0.44703644132889103,0.3563880987332011,0.1063437768694567,6.358613470133681,0.9552520971283226
NGC3198,11.842047851065375,155.76313224510855,4.003501487906261,7.857892609140095,0.497321960934633,0.3563880987332011,0.1063437768694567,5.960576929111706,0.8942186657555962
NGC3198,12.243473201948948,156.8725440979236,4.0159836194635865,7.929179661201387,0.497321960934633,0.3563880987332011,0.1063437768694567,5.60379967285886,0.9653839418950065
NGC3198,12.644898552832524,159.0404517805189,4.166961799196288,7.697292826263897,0.4422237989416685,0.3563880987332011,0.1063437768694567,4.67885710461853,0.884447597883337
NGC3198,13.046323903716091,158.44200909893118,4.3776451335425275,7.265104330218122,0.3729914707009747,0.3563880987332011,0.1063437768694567,3.618857844246852,0.7370363691703402
NGC3198,13.447749254599664,157.46860841714343,4.329530327062135,6.682699781618275,0.3729914707009747,0.3563880987332011,0.1063437768694567,2.784932409003648,0.6638672772444104
NGC3198,13.84917460548324,155.72358902889377,5.411274309313018,6.202946233213459,0.39657393587552375,0.3563880987332011,0.1063437768694567,2.2134405733029245,0.5575325432174969
NGC3198,14.250599956366804,153.90381366415247,6.484430556671373,5.846550633452431,0.4677051300740501,0.3563880987332011,0.1063437768694567,1.8578548260889276,0.4159563669412637
NGC3198,14.652025307250383,154.79289153136216,6.672951148193286,5.534915238937004,0.497321960934633,0.3563880987332011,0.1063437768694567,1.5958687444980089,0.3223292229834611
NGC3198,15.053450658133954,153.0723545175005,5.898060421114558,5.253566298722445,0.497321960934633,0.3563880987332011,0.1063437768694567,1.389745042722604,0.2554568454411534
NGC3198,15.454876009017527,151.25856027845447,5.986472326202166,5.2218805898136464,0.497321960934633,0.3563880987332011,0.1063437768694567,,
NGC3198,15.8563013599011,150.68599582282755,5.358094014781732,5.2218805898136464,0.497321960934633,0.3563880987332011,0.1063437768694567,,
NGC3198,16.25772671078467,150.0064627515641,4.5670387409593936,5.2218805898136464,0.497321960934633,0.3563880987332011,0.1063437768694567,,
NGC3198,16.659152061668244,151.6744732515157,4.6997184085390815,5.2218805898136464,0.497321960934633,0.3563880987332011,0.1063437768694567,,
NGC3198,17.060577412551815,152.4711632557759,3.7554964000804456,5.2218805898136464,0.497321960934633,0.3563880987332011,0.1063437768694567,,
NGC3198,17.462002763435386,152.34600061867957,3.9665000034371087,5.2218805898136464,0.497321960934633,0.3563880987332011,0.1063437768694567,,
NGC3198,17.86342811431896,152.43587196589232,3.9669992886994017,5.2218805898136464,0.497321960934633,0.3563880987332011,0.1063437768694567,,
NGC3198,18.264853465202528,153.07176759069532,3.3857124937275023,5.2218805898136464,0.497321960934633,0.3563880987332011,0.1063437768694567,,
NGC3198,18.666278816086106,153.58108506518383,3.2766955448920765,5.2218805898136464,0.497321960934633,0.3563880987332011,0.1063437768694567,,
NGC3198,19.06770416696968,153.6989136846271,2.973223903552877,5.2218805898136464,0.497321960934633,0.3563880987332011,0.1063437768694567,,
NGC3198,19.469129517853247,153.58424901852456,3.3287280425738386,5.2218805898136464,0.497321960934633,0.3563880987332011,0.1063437768694567,,
NGC3198,19.87055486873682,153.46712987620398,3.938323422681031,5.2218805898136464,0.497321960934633,0.3563880987332011,0.1063437768694567,,
NGC3198,20.27198021962039,152.21318871626158,4.2212820949068925,5.2218805898136464,0.497321960934633,0.3563880987332011,0.1063437768694567,,
NGC3198,20.67340557050396,151.8195796058178,5.267447960891896,5.2218805898136464,0.497321960934633,0.3563880987332011,0.1063437768694567,,
NGC3198,21.074830921387527,150.377608008377,5.624849895296665,5.2218805898136464,0.497321960934633,0.3563880987332011,0.1063437768694567,,
NGC3198,21.476256272271108,148.62724317091727,6.442484793507553,5.2218805898136464,0.497321960934633,0.3563880987332011,0.1063437768694567,,
NGC3198,21.87768162315468,147.7067288527282,6.625855499785914,5.2218805898136464,0.497321960934633,0.3563880987332011,0.1063437768694567,,
NGC3198,22.279106974038253,146.30412114795087,6.219904133249825,5.2218805898136464,0.497321960934633,0.3563880987332011,0.1063437768694567,,
NGC3198,22.680532324921824,146.3219755082877,7.029054153395507,5.2218805898136464,0.497321960934633,0.3563880987332011,0.1063437768694567,,
NGC3198,23.08195767580539,148.2160761849613,6.654476206615096,5.2218805898136464,0.497321960934633,0.3563880987332011,0.1063437768694567,,
NGC3198,23.483383026688966,151.56983957983735,5.9306139368508415,5.2218805898136464,0.497321960934633,0.3563880987332011,0.1063437768694567,,
NGC3198,23.884808377572536,152.13173383119178,5.892017919803068,5.2218805898136464,0.497321960934633,0.3563880987332011,0.1063437768694567,,
NGC3198,24.28623372845612,153.48840954470612,5.898487610037225,5.2218805898136464,0.497321960934633,0.3563880987332011,0.1063437768694567,,
NGC3198,24.687659079339685,154.74393387903234,5.127655910946215,5.2218805898136464,0.497321960934633,0.3563880987332011,0.1063437768694567,,
NGC3198,25.089084430223252,154.35389279440915,5.880779320979278,5.2218805898136464,0.497321960934633,0.3563880987332011,0.1063437768694567,,
NGC3198,25.490509781106834,152.46231417547324,6.2845079473703205,5.2218805898136464,0.497321960934633,0.3563880987332011,0.1063437768694567,,
NGC3198,25.8919351319904,150.14315345369727,6.007736401260368,5.2218805898136464,0.497321960934633,0.3563880987332011,0.1063437768694567,,
NGC3198,26.293360482873975,147.84166645853543,6.516186649041718,5.2218805898136464,0.497321960934633,0.3563880987332011,0.1063437768694567,,
NGC3198,26.694785833757557,147.1343759926052,5.9533012213484815,5.2218805898136464,0.497321960934633,0.3563880987332011,0.1063437768694567,,
NGC3198,27.096211184641124,142.6797574202654,6.201511405412035,5.2218805898136464,0.497321960934633,0.3563880987332011,0.1063437768694567,,
NGC3198,27.497636535524688,142.70696736977277,6.147549398538415,5.2218805898136464,0.497321960934633,0.3563880987332011,0.1063437768694567,,
NGC3198,27.899061886408266,141.7173149469726,6.64034719374548,5.2218805898136464,0.497321960934633,0.3563880987332011,0.1063437768694567,,
NGC3198,28.30048723729184,136.33988201719532,7.295163084307998,5.2218805898136464,0.497321960934633,0.3563880987332011,0.1063437768694567,,
NGC3198,28.701912588175407,136.83563667771244,6.543540925924506,5.2218805898136464,0.497321960934633,0.3563880987332011,0.1063437768694567,,
NGC3198,29.103337939058974,136.3188568818663,7.186433437985286,5.2218805898136464,0.497321960934633,0.3563880987332011,0.1063437768694567,,
NGC3198,29.504763289942552,135.6999073637702,7.700417195710052,5.2218805898136464,0.497321960934633,0.3563880987332011,0.1063437768694567,,
NGC4736,0.20507599447312927,174.9917640703736,5.075934107231227,6.356899019223773,0.6400450677072664,7.676265822727598,2.226117088591003,841.2746588087318,83.619847382216
NGC4736,0.6152279834193877,168.32653805399517,4.7192858492774805,8.505744226060251,0.7919075526138212,4.875250580278125,1.413822668280656,645.172366181065,71.95758088219688
NGC4736,1.025379972365646,171.0898166310754,2.538213877654728,10.429838321743674,0.6078759238528154,7.027780265619166,2.0380562770295576,468.65210535213583,61.06812910215183
NGC4736,1.4355319613119046,169.8124576387366,3.8485047815146736,8.656276297957852,0.7,3.804451104223159,1.103290820224716,254.4857094202484,37.456831493463454
NGC4736,1.8456839502581632,157.1917351029016,4.084818849538215,5.879501925347557,0.5253806419462882,1.2917144252831143,0.3745971833321031,67.63200424997207,11.258958390248
NGC4736,2.2558359392044216,147.7287842023019,4.069506202298369,4.6548323797111895,0.5,0.38374740204944524,0.11128674659433911,29.146145023438713,3.695844543085952
NGC4736,2.66598792815068,149.51894717829833,4.42248960643217,3.932874840350597,0.531000629835643,0.4242436103631349,0.12303064700530912,18.64467003037018,2.8556748791791815
NGC4736,3.0761399170969383,151.54768924299958,2.6780916286354337,3.43021042561202,0.6914702826915501,0.26117475577158916,0.07574067917376073,14.791550734261133,3.2919335173095097
NGC4736,3.486291906043197,156.49506604270854,2.947209878564903,2.6315343363670096,0.6063729435819086,0.17488347193209322,0.050716206860307034,9.268868884401071,2.141818445558789
NGC4736,3.896443894989456,155.18277926542302,3.944647622973141,2.097567976080719,0.4489914890734347,0.019301873509457754,0.005597543317742628,6.020193896051882,1.291626609206616
NGC4736,4.306595883935715,149.66244472472957,4.096351659834938,1.4323781732001797,0.2416953180570914,0.0013438561595367272,0.00038971828626564015,3.3910574324013965,0.6862782128780264
NGC4736,4.716747872881973,154.04929732028359,4.119985548811528,1.1912882437916754,0.20000000000000004,0.00022006666964187495,6.381933419614329e-05,2.2634954525143307,0.3904790166280682
NGC4736,5.126899861828231,153.4961357971305,4.01802491242322,1.1,0.20740509975912041,0.05241769148872881,0.01520113053173134,1.5907676602508123,0.29999999999999993
NGC4736,5.53705185077449,152.6093134198666,4.8013502650804964,1.1675826858823528,0.29999999999999993,0.023911418832616434,0.006934311461458724,1.4307332920328748,0.29999999999999993
NGC4736,5.947203839720747,147.17865113158769,3.617204655587092,1.4443930991098584,0.37074778368417616,0.0005370818209615,0.00015575372807879995,1.5,0.29999999999999993
NGC4736,6.357355828667004,142.45242285993444,3.022933343135761,1.7,0.4,0.0005370818209615,0.00015575372807879995,,
NGC4736,6.767507817613264,140.89086789217987,2.0047226530753406,1.7,0.4,0.0005370818209615,0.00015575372807879995,,
NGC4736,7.1776598065595225,139.7989052464477,1.6737738142325795,1.7,0.4,0.0005370818209615,0.00015575372807879995,,
NGC4736,7.587811795505782,135.0271909757339,3.6051129141827434,1.7,0.4,0.0005370818209615,0.00015575372807879995,,
NGC5055,0.2159842920514872,121.437,17.0435,4.863847664814923,0.6008018632705244,17.577634990316625,4.574950862214184,217.18611721596557,24.398647652647078
NGC5055,0.6479528761544615,154.03644356774055,14.897734092066033,5.01356139943969,0.449247666067306,16.55030259045995,4.30756590109205,230.19562048019012,18.720328619542713
NGC5055,1.079921460257436,165.10398814631662,7.896273089229875,5.097694656680362,0.3661325617535942,12.358790421794,3.2166363067192343,212.7752056835157,12.788140007108813
NGC5055,1.51189004436041,180.04519660388337,5.424628936077376,5.118665490159035,0.22521028033728785,9.704445550845296,2.525786976724027,181.2023735110914,8.829586489170943
NGC5055,1.9438586284633843,183.85075547232927,4.630759672023851,5.243992012381531,0.211454766273696,8.535202398273874,2.221466744113582,153.8443490145931,6.245425983704261
NGC5055,2.375827212566359,193.05031946767508,4.719464402588903,5.498505125636984,0.287979286644858,8.170822285508358,2.126629121646813,132.15059315785805,5.08798778601706
NGC5055,2.8077957966693328,197.96067955057808,4.363668278670643,5.688103825843342,0.3470281688243413,7.99714572540491,2.081426127681506,110.93679773902916,5.050487338930872
NGC5055,3.239764380772308,199.9089380772308,4.224076085375609,5.538448810347922,0.3532416151944071,7.587276444808268,1.974748988254404,88.7907288305648,5.082743712136834
NGC5055,3.6717329648752814,196.23727165297075,4.510322903788817,5.388599849018475,0.4283472904886422,6.993286033246594,1.8201504346368054,71.53777782865198,4.708392926634407
NGC5055,4.103701548978257,191.41333339393495,4.1247666715148,5.588119494981804,0.4337852110304266,6.733290279436264,1.752481046876628,63.081911174019424,4.544277293029917
NGC5055,4.535670133081232,192.27134179332407,1.2122254563304422,6.040021034085353,0.4902665920680058,6.758166297444605,1.7589555561094348,59.30929333373629,4.85451847239839
NGC5055,4.9676387171842045,195.54126361719153,2.485932041306089,6.814417339758863,0.5770983995403491,7.392292734693172,1.92400035835054,60.31532728832332,5.869107519494422
NGC5055,5.399607301287179,198.8429984001164,2.502485910115628,7.370919036070658,0.49641023184312993,7.898179998369963,2.0556682064095253,62.73029864113338,7.322191078854734
NGC5055,5.831575885390154,200.63723972801984,3.1623515562504574,7.5478626719294235,0.4337852110304266,7.816101369590711,2.0343055092258675,59.329149822121906,6.7860456329080145
NGC5055,6.263544469493128,202.49004606937683,3.50114306232274,7.490663444703041,0.46044106668123125,7.23936211127213,1.8841969326983135,51.13732505562851,4.983941257054101
NGC5055,6.695513053596102,203.0723451021744,4.446933113955349,7.374348587517254,0.5027247912508683,6.295912509852634,1.6386442420293166,43.72981846601099,4.100285715803533
NGC5055,7.127481637699076,203.43057043124136,2.772512853610648,7.3790907311689855,0.4337852110304266,5.12328937806178,1.3334442984194834,40.10256634935523,4.6460333692059175
NGC5055,7.55945022180205,203.88242476910767,2.9193103774270965,7.454031800905913,0.4337852110304266,4.3193624916143065,1.124205341965093,37.77705166630329,5.468173989085139
NGC5055,7.9914188059050275,205.63364158970256,1.0709902552541568,7.3931027971333005,0.4337852110304266,3.329706805190094,0.8666265414952994,34.264677468712115,5.5524507011894615
NGC5055,8.423387390008001,206.3689591302451,3.021226947131119,7.033338283824174,0.3754877640125491,2.5338976533773634,0.6595003969798814,28.178886317469782,3.8271039939581
NGC5055,8.855355974110974,206.098405497782,1.0229875645407571,6.674322544578589,0.3470281688243413,1.9475860748388882,0.5069004218843444,22.424811418450375,2.3716912309201126
NGC5055,9.287324558213946,204.935819940368,0.9910453421569341,6.466003850938819,0.3852554507638104,1.4961318107931298,0.3893999119645392,18.603291757046883,2.3450270942628553
NGC5055,9.719293142316925,204.5915612319104,2.9378093229583295,6.343334608283014,0.5027643716277796,1.0526900546894127,0.27398482651384687,16.119097532826526,3.1610114878306486
NGC5055,10.151261726419897,205.47748243764087,3.0478171405715955,6.272626943596421,0.6323342435449503,0.7361757705464888,0.19160529718919728,13.360328020546802,2.8850363134806205
NGC5055,10.583230310522872,204.38295629408768,1.2816526979855891,6.361822961563067,0.7077984461915938,0.5728715207671536,0.14910191611758067,10.553563534864576,2.1592901519681162
NGC5055,11.015198894625843,204.1001335152056,3.1675699804323973,6.501434314755824,0.7748711581697235,0.40781709939395383,0.10614301591345358,8.803439430459582,1.716429838774429
NGC5055,11.44716747872882,206.5616974403545,4.4056100180087965,6.351377647171457,0.6236422536538753,0.2658018050883019,0.06918053526749834,7.596842978975118,1.2612480132463213
NGC5055,11.879136062831796,208.35980220495753,5.978626299063772,5.934490428292715,0.47054153081677513,0.17084770005225697,0.044466723372738784,6.174311809600442,0.7945912807926949
NGC5055,12.311104646934767,207.73268771446243,6.379575578341777,5.64938005885995,0.4337852110304266,0.10226576406723006,0.026616825628254674,5.023880466800522,0.5180711091094661
NGC5055,12.743073231037743,210.57067215549307,6.691777921959216,5.467409279334043,0.4337852110304266,0.08075251829144138,0.0210175489129747,4.200381117532483,0.38919054559690647
NGC5055,13.175041815140716,208.6369182088104,8.330907077465072,5.222909263649674,0.4337852110304266,0.08075251829144138,0.0210175489129747,3.5926365767167017,0.3470281688243413
NGC5055,13.607010399243691,207.7920058495745,7.370980272731006,4.828824113748835,0.4135556735176943,0.08075251829144138,0.0210175489129747,3.1118028653180354,0.32630613592176533
NGC5055,14.038978983346665,208.0349881781325,6.551539868396773,4.370970720514363,0.3470281688243413,0.08075251829144138,0.0210175489129747,2.7403343066796615,0.2602711266182559
NGC5055,14.47094756744964,207.3410842319212,6.32902700519087,3.866033521827891,0.3581919225052869,0.08075251829144138,0.0210175489129747,2.3904461826094408,0.2602711266182559
NGC5055,14.902916151552615,204.41756752976883,6.873394316019443,3.642221190985358,0.43424672385451124,0.08075251829144138,0.0210175489129747,2.167309586865917,0.2602711266182559
NGC5055,15.334884735655587,203.73418223506303,5.460377143867654,3.416337535631442,0.5083281635193098,0.08075251829144138,0.0210175489129747,1.9406958137135661,0.2602711266182559
NGC5055,15.766853319758564,202.749334444532,4.996657375675706,3.255327561923008,0.4553655605624452,0.08075251829144138,0.0210175489129747,1.7797431503581593,0.2602711266182559
NGC5055,16.19882190386154,204.33834450726812,5.029486395433868,2.9432284708227576,0.37962698206231693,0.08075251829144138,0.0210175489129747,1.518507928249268,0.20426132342726996
NGC5055,16.63079048796451,204.68783074143428,5.338849898206056,2.610277837955819,0.3470281688243413,0.08075251829144138,0.0210175489129747,1.2155011552413537,0.126004197790604
NGC5055,17.06275907206749,206.39904521152675,5.329005577035474,2.3712976461595883,0.3470281688243413,0.08075251829144138,0.0210175489129747,0.9810949743434433,0.10871650010792551
NGC5055,17.49472765617046,209.5600065944699,5.622814654893785,2.2389841986768007,0.32862032530284024,0.08075251829144138,0.0210175489129747,0.8833784518541452,0.19786385434171727
NGC5055,17.926696240273433,206.61907076943223,7.425231873456336,2.1642038390402907,0.2602711266182559,0.08075251829144138,0.0210175489129747,0.9666950673826998,0.36238367658351855
NGC5055,18.358664824376408,205.4888759566644,8.964305936840946,2.089207721930901,0.2602711266182559,0.08075251829144138,0.0210175489129747,1.190622991483968,0.7301838014253993
NGC5055,18.790633408479383,203.4567251864848,10.9408223346383,1.8758961632764553,0.18960585079513437,0.08075251829144138,0.0210175489129747,1.0767861669393766,0.7121696771878152
NGC5055,19.22260199258236,205.4161914616648,9.776575172815711,1.5364228898916972,0.17351408441217056,0.08075251829144138,0.0210175489129747,,
NGC5055,19.654570576685327,205.6028161034416,7.1491133191996985,1.2851631030806767,0.17351408441217056,0.08075251829144138,0.0210175489129747,,
NGC5055,20.08653916078831,202.38543602569644,5.566687076882613,1.1640950127316625,0.17351408441217056,0.08075251829144138,0.0210175489129747,,
NGC5055,20.51850774489128,207.30238692438527,6.927945180333692,1.0890717948346471,0.17351408441217056,0.08075251829144138,0.0210175489129747,,
NGC5055,20.950476328994252,205.7568825487776,6.342712168323785,1.041084506473024,0.17351408441217056,0.08075251829144138,0.0210175489129747,,
NGC5055,21.382444913097228,206.3821930681136,6.285572598171313,1.041084506473024,0.17351408441217056,0.08075251829144138,0.0210175489129747,,
NGC5055,21.8144134972002,209.0763384304374,6.127714507968445,1.041084506473024,0.17351408441217056,0.08075251829144138,0.0210175489129747,,
NGC5055,22.24638208130318,213.7523073111518,6.556385657221568,1.041084506473024,0.17351408441217056,0.08075251829144138,0.0210175489129747,,
NGC5055,22.67835066540616,218.05253671584833,5.557504592426941,1.041084506473024,0.17351408441217056,0.08075251829144138,0.0210175489129747,,
NGC5055,23.110319249509125,217.92720800709444,6.575391096640778,1.041084506473024,0.17351408441217056,0.08075251829144138,0.0210175489129747,,
NGC5055,23.542287833612104,216.69303758716535,5.7703320149107,1.041084506473024,0.17351408441217056,0.08075251829144138,0.0210175489129747,,
NGC5055,23.974256417715072,215.2145457365727,6.023561079901258,1.041084506473024,0.17351408441217056,0.08075251829144138,0.0210175489129747,,
NGC5055,24.406225001818047,213.54200132397767,6.4721945042044124,1.041084506473024,0.17351408441217056,0.08075251829144138,0.0210175489129747,,
NGC5055,24.838193585921022,210.38589690295248,6.0318250810715455,1.041084506473024,0.17351408441217056,0.08075251829144138,0.0210175489129747,,
NGC5055,25.270162170024,210.24027151897369,6.627840226098032,1.041084506473024,0.17351408441217056,0.08075251829144138,0.0210175489129747,,
NGC5055,25.70213075412697,210.46255129206088,6.944364162741027,1.041084506473024,0.17351408441217056,0.08075251829144138,0.0210175489129747,,
NGC5055,26.134099338229948,215.16417820000297,8.664407777245827,1.041084506473024,0.17351408441217056,0.08075251829144138,0.0210175489129747,,
NGC5055,26.566067922332927,212.02480934517888,9.693283079159912,1.041084506473024,0.17351408441217056,0.08075251829144138,0.0210175489129747,,
NGC5055,26.998036506435888,210.30482944085543,8.591966721948841,1.041084506473024,0.17351408441217056,0.08075251829144138,0.0210175489129747,,
NGC5055,27.430005090538874,208.5470487287793,9.094833514717449,1.041084506473024,0.17351408441217056,0.08075251829144138,0.0210175489129747,,
NGC5055,27.86197367464184,203.24761049768767,6.689231504459599,1.041084506473024,0.17351408441217056,0.08075251829144138,0.0210175489129747,,
NGC5055,28.293942258744817,199.08618320805627,6.166269534353733,1.041084506473024,0.17351408441217056,0.08075251829144138,0.0210175489129747,,
NGC5055,28.7259108428478,197.4261700600225,7.965947978615032,1.041084506473024,0.17351408441217056,0.08075251829144138,0.0210175489129747,,
NGC5055,29.157879426950768,193.63584651688632,7.025956441383385,1.041084506473024,0.17351408441217056,0.08075251829144138,0.0210175489129747,,
NGC5055,29.589848011053746,190.74769592615485,8.115580028018165,1.041084506473024,0.17351408441217056,0.08075251829144138,0.0210175489129747,,
NGC5055,30.02181659515671,190.8596712764324,6.246143154151081,1.041084506473024,0.17351408441217056,0.08075251829144138,0.0210175489129747,,
NGC5055,30.45378517925969,190.0203677756096,7.45158612875293,1.041084506473024,0.17351408441217056,0.08075251829144138,0.0210175489129747,,
NGC5055,30.88575376336267,189.3419558991669,8.176412842113171,1.041084506473024,0.17351408441217056,0.08075251829144138,0.0210175489129747,,
NGC5055,31.31772234746564,182.59500768378453,10.253345382120367,1.041084506473024,0.17351408441217056,0.08075251829144138,0.0210175489129747,,
NGC5055,31.749690931568608,181.58600600899055,9.782948459977325,1.041084506473024,0.17351408441217056,0.08075251829144138,0.0210175489129747,,
NGC5055,32.18165951567159,176.71016733193807,10.407551332967037,1.041084506473024,0.17351408441217056,0.08075251829144138,0.0210175489129747,,
NGC5055,32.61362809977456,181.8375587692336,8.92827921597265,1.041084506473024,0.17351408441217056,0.08075251829144138,0.0210175489129747,,
NGC5055,33.04559668387754,183.54540820835928,6.256495518507712,1.041084506473024,0.17351408441217056,0.08075251829144138,0.0210175489129747,,
NGC6946,0.1739509853828812,145.164,11.0715,6.172618878328661,1.1,59.52939115307706,20.83528690357697,2077.0766092684225,536.3442189175066
NGC6946,0.5218529561486437,145.164,11.0715,6.4,1.058229705271574,27.797807174768277,9.729232511168895,1167.5804220938112,380.53544226299425
NGC6946,0.8697549269144058,145.164,11.0715,6.112088797209422,0.8172383977824967,12.92608399242116,4.524129397347407,511.95422176729437,163.92873324608613
NGC6946,1.2176568976801685,145.164,11.0715,5.607009699824699,0.6259312072910125,8.423628172929755,2.9482698605254147,260.76494573741587,61.32498296019828
NGC6946,1.5655588684459307,146.76878789209795,9.67792109320184,5.500000000000001,0.5105758982185825,7.025058589786511,2.458770506425279,190.45097241142437,28.884842951040476
NGC6946,1.9134608392116927,151.43215272521113,7.284790071350758,5.8385550747098325,0.4,7.431503430419106,2.6010262006466864,185.32848312915664,21.20671565917236
NGC6946,2.261362809977456,157.60251432160635,6.25467139773648,6.66425964065854,0.4,7.937887421996344,2.7782605976987207,201.8328175274133,23.66225458032246
NGC6946,2.6092647807432185,157.44565636999354,5.01095232540302,7.245068090160639,0.4,8.168603497259799,2.85901122404093,203.38213202161785,29.491712505389515
NGC6946,2.9571667515089817,160.9359266388948,4.291349119702195,7.741592325895306,0.4,7.8546446507556125,2.7491256277644642,198.78026299089655,34.177220550256
NGC6946,3.3050687222747435,167.59570944484472,4.892804982670948,8.20820442834994,0.5015426036363291,7.216546329881306,2.5257912154584568,201.84558294425966,33.766976656701715
NGC6946,3.6529706930405057,175.7355717120166,4.996747737568429,8.80305353066435,0.6312647738238886,6.734632450412791,2.3571213576444765,212.45251814956654,33.571526301212195
NGC6946,4.000872663806268,184.62498005078209,4.946125894448665,9.400340757910314,0.8952984709981998,6.46018656611247,2.2610652981393646,226.04713309382015,50.929584412239876
NGC6946,4.348774634572028,191.8420385245614,4.892526183351297,9.499999999999998,1.082243120338376,5.194905094583154,1.8182167831041038,230.54874698129834,64.8997835848064
NGC6946,4.696676605337792,195.84286615274047,4.754697639310204,9.598886456200544,1.1,4.76749376577783,1.6686228180222402,211.00974984535964,57.18977643192308
NGC6946,5.044578576103556,199.60439444929963,5.15764036920643,9.585074154793267,1.1,4.549025952318123,1.592159083311343,169.03984715338208,40.95175396310819
NGC6946,5.3924805468693195,202.7641425229378,5.591433350211121,9.43789197158175,1.0340154599956641,3.746726527677938,1.3113542846872783,129.06906202160548,29.743507961606877
NGC6946,5.740382517635081,203.05776429394007,5.33709448982634,9.3,0.8517381691464065,3.2008879497444824,1.120310782410569,101.17614642872825,24.789948139301806
NGC6946,6.088284488400844,203.4535967489828,5.218008587450725,9.3,0.8,2.923417015584062,1.0231959554544217,80.56272179751139,22.76860154287056
NGC6946,6.436186459166606,203.86717849122513,5.785910372325704,9.06327791234781,0.8,2.4667416760124063,0.8633595866043421,73.29603667181057,23.441906998671737
NGC6946,6.784088429932368,203.47514216458708,5.906674263272805,8.68599887476618,0.8,1.915465061903736,0.6704127716663077,75.7406714055928,29.818883078093442
NGC6946,7.131990400698132,202.18160398538183,5.161753171185017,8.266664530487846,0.8425495677105703,1.4753074178106473,0.5163575962337266,79.20071645384344,36.093212015089456
NGC6946,7.479892371463895,200.68911838322887,4.872792368761756,8.039886823436,0.9586952767931431,1.1477928928172418,0.4017275124860346,69.74984908448225,31.63438946788268
NGC6946,7.827794342229656,198.3154031911712,5.624555604842884,7.999999999999999,1.0750534691150675,0.6795502888699976,0.23784260110449906,49.477478798737714,20.053976946783965
NGC6946,8.175696312995418,199.73773402977173,4.490001312441388,7.908054487231258,1.0077511820033431,0.42536386003569904,0.14887735101249464,32.25735511230844,10.386590285228333
NGC6946,8.523598283761181,200.16485699221877,3.8861942949603656,7.1897576305508055,0.8573693676024293,0.1869245124519011,0.06542357935816538,21.22058683953523,6.132018195341595
NGC6946,8.871500254526943,198.61387483657955,3.684518655637105,6.550332431192171,0.741204205468498,0.07802082998548676,0.027307290494920342,16.959778671678382,5.667901009124175
NGC6946,9.219402225292702,196.04742918524968,3.632123614890424,5.930294128309918,0.6253701166450226,0.020595955596391224,0.007208584458736925,13.599063925420607,4.978800933481525
NGC6946,9.567304196058467,193.94144967049328,3.6174701707479535,5.352330262701136,0.6,0.014079775600000002,0.004927921460000001,10.647059355200524,3.806461573778683
NGC6946,9.91520616682423,192.68145258164847,3.8012091995299455,4.7843235187429665,0.5,0.014079775600000002,0.004927921460000001,7.763408525063395,2.343500047633033
NGC6946,10.263108137589992,190.91166810176216,4.433560337303057,4.369740305315798,0.5,0.014079775600000002,0.004927921460000001,4.955067524927563,1.4337752055438653
NGC6946,10.611010108355757,190.61408611679295,4.214494881895689,3.958286750264072,0.5,0.014079775600000002,0.004927921460000001,2.988064584721752,1.3
NGC6946,10.958912079121516,192.84938874633647,3.9037974238463926,3.726773669915734,0.4124133936917324,0.014079775600000002,0.004927921460000001,2.351067804859146,1.3
NGC6946,11.30681404988728,193.9452970792536,4.7781753382205405,3.6,0.4,0.014079775600000002,0.004927921460000001,1.9869740705061416,1.4
NGC6946,11.654716020653046,193.96364173161012,4.838092463644903,3.6,0.4,0.014079775600000002,0.004927921460000001,,
NGC6946,12.002617991418804,193.70284889782772,4.063965208500441,3.6,0.4,0.014079775600000002,0.004927921460000001,,
NGC6946,12.350519962184565,193.9944832649668,3.8203511392778338,3.6,0.4,0.014079775600000002,0.004927921460000001,,
NGC6946,12.69842193295033,195.42810636295647,4.751104639698752,3.6,0.4,0.014079775600000002,0.004927921460000001,,
NGC6946,13.046323903716091,198.3463288640066,4.0907832374741835,3.6,0.4,0.014079775600000002,0.004927921460000001,,
NGC6946,13.394225874481853,199.71146290009105,3.902465613745436,3.6,0.4,0.014079775600000002,0.004927921460000001,,
NGC6946,13.742127845247616,199.4398351989597,4.186651039218857,3.6,0.4,0.014079775600000002,0.004927921460000001,,
NGC6946,14.09002981601338,196.6322492733696,5.880549014073055,3.6,0.4,0.014079775600000002,0.004927921460000001,,
NGC6946,14.437931786779144,194.868,6.939500000000002,3.6,0.4,0.014079775600000002,0.004927921460000001,,
NGC6946,14.785833757544903,194.868,6.939500000000002,3.6,0.4,0.014079775600000002,0.004927921460000001,,
NGC6946,15.133735728310668,194.868,6.939500000000002,3.6,0.4,0.014079775600000002,0.004927921460000001,,
NGC6946,15.481637699076428,194.868,6.939500000000002,3.6,0.4,0.014079775600000002,0.004927921460000001,,
NGC6946,15.829539669842193,194.868,6.939500000000002,3.6,0.4,0.014079775600000002,0.004927921460000001,,
NGC6946,16.177441640607952,194.868,6.939500000000002,3.6,0.4,0.014079775600000002,0.004927921460000001,,
NGC6946,16.525343611373714,194.868,6.939500000000002,3.6,0.4,0.014079775600000002,0.004927921460000001,,
NGC6946,16.87324558213948,194.868,6.939500000000002,3.6,0.4,0.014079775600000002,0.004927921460000001,,
NGC6946,17.221147552905244,194.868,6.939500000000002,3.6,0.4,0.014079775600000002,0.004927921460000001,,
NGC6946,17.569049523671005,194.868,6.939500000000002,3.6,0.4,0.014079775600000002,0.004927921460000001,,
NGC6946,17.916951494436766,194.868,6.939500000000002,3.6,0.4,0.014079775600000002,0.004927921460000001,,
NGC7331,2.352,223.768,29.151,4.547975569263168,0.8123797788959446,47.972634250736355,10.354003296653636,164.85181612799954,21.683764180772982
NGC7331,2.78,232.804,18.504,5.3001413918971965,0.8633258071705499,49.51724582310051,10.687379054772693,181.40102996329466,19.3005669008663
NGC7331,3.207,253.018,11.9405,6.046435204759802,0.8592776652037808,49.49824811027513,10.683278750832852,189.78383197093632,16.10347499007158
NGC7331,3.635,257.495,15.1855,6.242474988646739,0.6446570465008178,44.830009318871014,9.675725995169396,168.8197528705416,17.643175705335103
NGC7331,4.062,255.926,9.9805,6.511348571062276,0.5124210886924954,40.66794473410287,8.777421553384167,148.72745783323077,18.593991777524742
NGC7331,4.49,260.163,10.463,6.908574624456221,0.4470678545901039,36.96805972522968,7.978870000453252,128.87101979395504,18.396173656792712
NGC7331,4.918,262.273,7.933,7.014522183260716,0.3787798297330947,33.225456662405826,7.171098547920408,107.35881211597362,16.9054378787928
NGC7331,5.345,263.716,9.545000000000002,7.020548809443793,0.3331846486490636,29.51781646571134,6.370873181543099,88.0539356392352,15.049738550159148
NGC7331,5.773,260.507,9.542,7.078128174058718,0.4378991117894875,24.50894246794081,5.289800634757893,70.70078430999448,12.674259831658
NGC7331,6.2,257.632,10.1865,7.225747877455184,0.5538170822945955,20.289899247570453,4.379198411329473,56.52201301600202,10.361495340491544
NGC7331,6.627999999999999,250.933,9.1265,7.685117099380232,0.6191273984740189,16.604000060459416,3.5836654386139952,44.45131086361906,7.6715738282601285
NGC7331,7.056,254.822,6.025,8.18321653460801,0.6850454467884532,14.235980143433526,3.072572262048416,36.91383512000868,5.596216599979517
NGC7331,7.482999999999999,257.277,4.119,8.719126125762761,0.7525873701784704,12.597557413170454,2.718949105525682,31.80729517054266,4.0448258882307915
NGC7331,7.911,259.499,6.3135,8.992096296429683,0.6199900846683523,10.55751574063382,2.2786439496246187,29.07566077015114,3.4607048241702705
NGC7331,8.339,258.061,8.5,9.107620802213997,0.5594713786248172,8.80993244205713,1.901460509164246,26.39450910311231,2.988770145169355
NGC7331,9.194,249.317,11.6135,8.894254855544892,0.6908020829223318,6.141099948887765,1.3254425175721383,20.53134138486752,2.131165975616958
NGC7331,9.621,245.369,8.901,8.972737574486592,0.755410081274231,5.188026891124837,1.119739375850717,17.815005236990743,1.7073513413725447
NGC7331,10.049,244.704,7.558999999999998,9.299466880557068,0.755410081274231,4.630192768129723,0.9993412272252089,15.912252090371226,1.357771789442627
NGC7331,10.477,243.779,8.548,9.441539772470351,0.7265320918984907,4.121974353166342,0.8896517088959094,14.28353419447055,1.1588066676352844
NGC7331,10.904,243.849,8.336,9.310059406746873,0.6613285330349397,3.6575180072761215,0.7894074214681196,12.915249838353116,1.0933556347199702
NGC7331,11.332,246.536,9.2865,9.052897708616976,0.6474943553779123,3.0290118644713053,0.6537560282059655,11.529793384023037,1.0791572589631873
NGC7331,11.759,243.666,8.654,8.768048504580763,0.6474943553779123,2.460350909177406,0.531021108647095,10.25851063166215,1.0791572589631873
NGC7331,12.187,244.54,9.191,8.315115544436408,0.6474943553779123,1.969255226514732,0.4250272144889138,8.820762219477347,0.8860252147659566
NGC7331,12.615,240.701,10.4025,7.894507182317446,0.6283876472878227,1.5903740484369877,0.34325273976748943,7.628077868594262,0.7365197129471412
NGC7331,13.042,234.543,11.165,7.564698449801414,0.5622469123008894,1.3220876350232167,0.28534809366415553,6.768001336649017,0.6704198021616113
NGC7331,13.47,233.037,10.307,7.569429366037753,0.5395786294815936,1.1063076886626046,0.23877599457340715,6.3480985910060514,0.6035241443368764
NGC7331,13.898,231.63,8.074999999999998,7.768987506773323,0.5395786294815936,0.9295486496488011,0.20062583456558641,6.152097913939919,0.5398597793197444
NGC7331,14.325,234.088,7.7639999999999985,7.704232089341949,0.47121219177136237,0.8631873656841709,0.18630298230467676,6.216492667934163,0.6027386883137734
NGC7331,14.753,232.428,6.2585,7.66201653863863,0.4316629035852749,0.7963954506204189,0.17188718630845667,6.28254210918292,0.6895154865434867
NGC7331,15.18,232.673,7.17,7.66201653863863,0.4316629035852749,0.7260488598724704,0.15670417949866444,6.348396728839953,0.8217820564140246
NGC7331,15.607999999999999,232.996,7.051500000000001,7.709313560666384,0.4761953315437781,0.7014942898829315,0.15140453100967835,6.173357763126014,0.8633258071705499
NGC7331,16.035999999999994,232.884,6.637,7.775445983413981,0.5446618026153647,0.6893649974436628,0.1487866482132935,5.918268433991012,0.8633258071705499
NGC7331,16.463,234.824,6.4945,7.841144016051755,0.6087338875946597,0.6364636605080666,0.1373688758607123,5.719202297547274,0.8633258071705499
NGC7331,16.891,236.932,5.9655,7.7725671730214705,0.6474943553779123,0.4874780129982526,0.10521308726240305,5.5053968131163575,0.8362365506934347
NGC7331,17.317999999999994,237.477,6.5265,7.542261912481194,0.6474943553779123,0.29652245271716754,0.06399887145905994,5.275144406704777,0.7787103451286045
NGC7331,17.746,236.112,6.1205,7.291540109559629,0.6474943553779123,0.22889788477509557,0.04940336278327268,5.0239579271449895,0.7155759927160454
NGC7331,18.174,238.469,5.8125,7.030098665608433,0.6474943553779123,0.2109403382217988,0.04552755944004079,4.763662536543139,0.6512122804216829
NGC7331,18.601,238.227,5.651,6.952497264405714,0.7072727623632777,0.186093103044878,0.04016474459877288,4.431252862363323,0.5832791392941181
NGC7331,19.029,239.885,5.5755,6.845770373703818,0.755410081274231,0.15921627802770852,0.03436388043574052,4.103633362328706,0.5395786294815936
NGC7331,19.457,238.926,4.636,6.647738951570364,0.755410081274231,0.127805165606735,0.027584374439500018,3.7734287899911396,0.5395786294815936
NGC7331,19.884,237.541,5.285,6.31205476184496,0.755410081274231,0.09146086333361285,0.019740130915501607,3.2907559837442815,0.4928751973706926
NGC7331,20.312,238.375,4.808,5.914981938572048,0.753416482658052,0.061456426009833955,0.013264229647689224,2.7907625643977614,0.42953931555334396
NGC7331,20.739,240.021,5.7865,5.233495024959414,0.6858001495000838,0.03601218132024546,0.007772561376568259,2.3047766372157263,0.36040457179817487
NGC7331,21.167,239.621,4.1215,4.604445002062089,0.6199342113659537,0.023572115987930853,0.005087604015499532,1.8729204034781781,0.29389733490060116
NGC7331,21.595,240.463,4.0665,4.017202636805088,0.5545387863620789,0.018378920078427223,0.003966749002907746,1.4850792361080394,0.22936567258919552
NGC7331,22.022,241.574,4.593,3.6267236631993645,0.48694076613598486,0.01433817672863189,0.0030946294993999565,1.2434094010295946,0.1569064996399192
NGC7331,22.45,241.574,4.593,3.3166264476511413,0.42397090743434107,0.011179319001349514,0.002412848650114204,,
NGC7331,22.877,241.574,4.593,3.080864972938922,0.36362187841994087,0.008721461917408743,0.0018823657873884498,,
NGC7331,23.305,241.574,4.593,2.913724599200606,0.3237471776889561,0.007228119326067996,0.0015600554878755998,,
NGC7331,23.733,241.574,4.593,2.913724599200606,0.3237471776889561,0.007228119326067996,0.0015600554878755998,,
NGC7331,24.16,241.574,4.593,2.913724599200606,0.3237471776889561,0.007228119326067996,0.0015600554878755998,,
NGC7331,24.588,241.574,4.593,2.913724599200606,0.3237471776889561,0.007228119326067996,0.0015600554878755998,,
