Name,Mass,e_Mass,j,e_j,fgas,e_fgas,Dist,e_Dist,HT,c(lM-lfgas),c(lM-lj),c(lfgas-lj)
DDO064,7.90e+07,5.10e+07,41.3,21.6,0.75,0.05,6.80,2.04,10,0.05,0.88,0.01
DDO101,5.96e+07,8.92e+07,47.9,47.8,0.26,0.05,6.40,4.72,10,0.02,0.93,0.00
DDO126,3.33e+07,9.56e+06,39.5,19.8,0.81,0.04,4.90,0.38,10,0.16,0.49,0.00
DDO133,4.25e+07,2.93e+07,48.7,23.7,0.73,0.06,3.50,1.13,10,0.03,0.87,0.01
DDO154,1.46e+07,3.54e+06,31.8,16.1,0.95,0.01,3.70,0.07,10,0.39,0.14,0.00
DDO168,8.38e+07,2.25e+07,64.3,14.0,0.76,0.05,4.30,0.26,10,0.26,0.40,0.00
DDO50,1.80e+08,4.76e+07,58.0,26.2,0.80,0.05,3.40,0.19,10,0.23,0.23,0.00
DDO52,8.77e+07,2.26e+07,66.3,12.8,0.74,0.06,10.30,0.47,10,0.43,0.26,0.01
LVHIS009,1.44e+08,5.96e+07,55.7,25.3,0.78,0.07,4.43,0.45,10,0.26,0.39,0.00
LVHIS012,1.11e+09,4.03e+08,161.5,18.1,0.53,0.10,5.76,0.10,9,0.86,0.07,0.00
LVHIS020,3.37e+08,1.22e+08,96.3,17.1,0.61,0.09,9.02,0.16,10,0.74,0.06,0.00
LVHIS025,5.04e+07,2.05e+07,46.6,12.0,0.83,0.06,4.90,0.45,9,0.25,0.42,0.00
LVHIS026,9.56e+07,3.77e+07,43.0,8.7,0.55,0.10,4.57,0.36,10,0.56,0.35,-0.01
LVHIS029,8.40e+07,3.07e+07,19.8,13.3,0.63,0.09,6.92,0.16,7,0.84,0.07,0.00
LVHIS030,3.98e+07,1.57e+07,27.8,38.0,0.96,0.02,5.25,0.41,10,0.10,0.27,0.00
LVHIS055,7.55e+07,2.92e+07,17.8,3.6,0.40,0.09,3.40,0.23,10,0.81,0.28,0.00
LVHIS060,1.74e+07,7.46e+06,18.7,10.4,0.84,0.05,3.40,0.39,10,0.20,0.50,0.01
LVHIS065,1.54e+08,6.08e+07,20.4,10.7,0.68,0.08,4.81,0.38,10,0.66,0.37,0.01
LVHIS072,4.66e+08,1.82e+08,91.4,13.2,0.46,0.10,3.09,0.23,6,0.64,0.37,0.00
LVHIS074,2.53e+08,9.91e+07,64.3,8.2,0.68,0.09,6.40,0.48,5,0.56,0.36,0.00
LVHIS078,1.62e+08,6.41e+07,31.0,4.4,0.43,0.10,1.97,0.16,10,0.54,0.34,0.00
LVHIS080,1.44e+08,6.10e+07,52.9,16.1,0.68,0.09,4.72,0.52,9,0.32,0.51,0.00
NGC0055,2.29e+09,6.17e+08,263.9,61.1,0.46,0.07,1.98,0.05,9,0.57,0.13,0.00
NGC0247,3.54e+09,9.57e+08,489.9,61.6,0.43,0.07,3.51,0.09,7,0.65,0.20,0.00
NGC0253,5.39e+10,1.48e+10,976.0,55.3,0.03,0.01,3.56,0.13,2,0.10,0.27,0.00
NGC0300,2.23e+09,6.02e+08,226.5,37.3,0.46,0.07,1.97,0.05,7,0.46,0.05,0.00
NGC0891,6.45e+10,1.68e+10,867.6,63.6,0.07,0.02,9.91,0.50,3,0.46,0.37,0.00
NGC0925,8.90e+09,2.43e+09,530.8,73.6,0.24,0.05,8.91,0.28,7,0.44,0.13,0.00
NGC1003,3.34e+09,2.16e+09,296.4,108.1,0.58,0.07,11.40,3.42,6,0.18,0.88,0.00
NGC1365,8.58e+10,2.41e+10,2364.0,666.9,0.16,0.04,17.70,0.81,3,0.15,0.08,0.00
NGC2366,1.30e+08,3.72e+07,111.8,35.9,0.85,0.04,3.40,0.27,10,0.11,0.48,0.01
NGC2403,5.02e+09,1.31e+09,288.2,24.1,0.46,0.07,3.16,0.16,6,0.75,0.32,0.00
NGC2541,3.11e+09,8.63e+08,297.7,34.7,0.18,0.04,11.50,0.47,5,0.59,0.23,0.00
NGC2841,9.54e+10,2.61e+10,3092.0,127.7,0.16,0.04,14.50,0.47,3,0.68,0.23,0.00
NGC2903,3.98e+10,2.61e+10,630.4,260.0,0.08,0.02,6.60,1.98,4,0.11,0.89,0.00
NGC2915,3.13e+08,8.12e+07,44.9,14.1,0.46,0.07,4.06,0.20,11,0.80,0.26,0.00
NGC2976,1.21e+09,3.32e+08,81.7,8.7,0.13,0.03,3.58,0.13,5,0.13,0.16,0.00
NGC2998,7.89e+10,3.03e+10,1783.0,415.8,0.21,0.05,68.10,10.20,5,0.29,0.74,0.00
NGC3031,4.06e+10,1.09e+10,1470.0,10.2,0.07,0.02,3.61,0.09,3,0.14,0.08,0.00
NGC3109,9.75e+07,2.62e+07,130.7,5.0,0.84,0.04,1.33,0.03,9,0.39,0.16,0.00
NGC3198,1.89e+10,5.26e+09,911.2,58.9,0.40,0.07,13.80,1.40,5,0.52,0.62,0.00
NGC3319,4.52e+09,1.25e+09,513.8,72.6,0.16,0.04,13.00,0.53,5,0.35,0.21,0.00
NGC3351,2.34e+10,6.34e+09,947.2,87.2,0.16,0.04,10.40,0.28,3,0.35,0.08,0.00
NGC3370,1.68e+10,4.56e+09,685.1,57.9,0.16,0.04,26.10,0.72,5,0.41,0.08,0.00
NGC3521,4.06e+10,2.66e+10,722.5,316.6,0.12,0.03,7.70,2.30,4,0.10,0.88,0.01
NGC3621,1.47e+10,3.97e+09,416.2,45.4,0.41,0.07,6.72,0.18,7,0.75,0.08,0.00
NGC3627,4.01e+10,1.09e+10,868.8,90.4,0.06,0.02,9.03,0.29,2,0.05,0.13,0.00
NGC3726,3.58e+10,1.32e+10,1190.0,170.5,0.21,0.05,18.00,2.50,5,0.18,0.71,0.00
NGC3769,8.32e+09,3.05e+09,507.3,126.6,0.45,0.07,18.00,2.50,3,0.40,0.72,0.00
NGC3877,3.33e+10,1.22e+10,891.8,124.3,0.05,0.01,18.00,2.50,5,0.02,0.72,-0.01
NGC3893,2.81e+10,1.03e+10,890.6,125.2,0.19,0.04,18.00,2.50,5,0.19,0.71,0.00
NGC3917,1.08e+10,3.95e+09,706.9,103.3,0.17,0.04,18.00,2.50,6,0.13,0.72,0.00
NGC3949,1.48e+10,5.45e+09,484.4,185.6,0.14,0.03,18.00,2.50,4,0.10,0.71,0.00
NGC3953,6.02e+10,2.21e+10,1674.0,309.4,0.05,0.01,18.00,2.50,4,0.04,0.72,0.00
NGC3972,6.60e+09,2.42e+09,453.3,84.2,0.16,0.04,18.00,2.50,4,0.09,0.72,0.00
NGC3992,9.50e+10,2.93e+10,4097.0,247.8,0.21,0.05,23.70,2.30,4,0.17,0.59,-0.01
NGC4010,7.82e+09,2.87e+09,462.7,104.2,0.22,0.05,18.00,2.50,7,0.14,0.72,-0.01
NGC4013,3.20e+10,1.17e+10,1401.0,175.3,0.12,0.03,18.00,2.50,3,0.14,0.72,0.00
NGC4051,3.14e+10,1.15e+10,922.0,228.8,0.08,0.02,18.00,2.50,4,0.04,0.69,0.00
NGC4085,1.03e+10,3.79e+09,319.6,64.1,0.08,0.02,18.00,2.50,5,0.07,0.72,0.00
NGC4088,5.26e+10,1.93e+10,945.4,130.5,0.15,0.04,18.00,2.50,4,0.18,0.71,0.00
NGC4100,2.71e+10,9.95e+09,1089.0,99.3,0.13,0.03,18.00,2.50,4,0.16,0.72,0.00
NGC4138,1.44e+10,5.27e+09,765.8,78.5,0.11,0.03,18.00,2.50,0,0.16,0.71,0.00
NGC4157,5.11e+10,1.88e+10,1026.0,126.9,0.17,0.04,18.00,2.50,3,0.26,0.72,-0.01
NGC4183,5.39e+09,1.98e+09,588.0,93.6,0.46,0.07,18.00,2.50,6,0.22,0.72,0.00
NGC4190,5.02e+07,1.40e+07,12.9,3.7,0.46,0.07,2.89,0.12,10,0.42,0.22,0.00
NGC4217,5.61e+10,2.06e+10,363.4,154.9,0.05,0.01,18.00,2.50,3,0.24,0.72,0.00
NGC4258,4.55e+10,1.22e+10,1621.0,150.0,0.12,0.03,7.31,0.16,2,0.64,0.13,0.00
NGC4389,9.40e+09,3.45e+09,197.3,100.4,0.04,0.01,18.00,2.50,4,0.03,0.67,0.00
NGC4414,6.77e+10,1.88e+10,833.3,71.8,0.02,0.01,17.80,0.74,5,0.14,0.19,0.00
NGC4535,4.16e+10,1.17e+10,1431.0,172.4,0.10,0.03,16.10,0.77,5,0.10,0.15,0.00
NGC4536,2.12e+10,5.89e+09,984.9,79.0,0.16,0.04,14.60,0.60,5,0.35,0.26,0.00
NGC4605,2.25e+09,6.30e+08,112.6,20.1,0.02,0.01,5.54,0.25,4,0.03,0.27,0.00
NGC4639,1.66e+10,4.54e+09,830.3,47.7,0.09,0.02,22.00,0.71,3,0.25,0.16,0.00
NGC4725,5.23e+10,1.44e+10,1915.0,160.2,0.06,0.02,12.50,0.46,2,0.15,0.13,0.00
NGC5055,7.41e+10,2.01e+10,1174.0,97.4,0.16,0.04,9.90,0.30,4,0.63,0.09,0.00
NGC5584,1.14e+10,3.12e+09,757.4,77.4,0.17,0.04,22.40,0.72,2,0.14,0.10,0.00
NGC6946,3.30e+10,2.17e+10,764.5,239.2,0.20,0.05,5.52,1.66,6,0.12,0.88,0.00
NGC7331,4.87e+10,1.34e+10,1875.0,127.2,0.32,0.06,13.80,0.51,3,0.61,0.26,0.00
NGC7793,3.33e+09,9.05e+08,204.9,23.8,0.31,0.06,3.58,0.11,7,0.62,0.14,0.00
NGC7814,3.89e+10,1.00e+10,664.6,62.8,0.03,0.01,14.40,0.66,2,0.42,0.35,0.00
UGC00731,1.62e+08,1.05e+08,264.1,103.2,0.93,0.02,12.50,3.75,10,0.01,0.88,0.00
UGC02487,1.90e+11,7.31e+10,7469.0,1021.0,0.11,0.03,69.10,10.40,0,0.11,0.58,0.00
UGC02916,7.62e+10,2.93e+10,1129.0,405.0,0.24,0.05,65.40,9.80,2,0.37,0.68,0.00
UGC02953,1.36e+11,8.76e+10,1813.0,579.7,0.07,0.02,16.50,4.95,2,0.13,0.88,0.00
UGC03205,6.10e+10,2.85e+10,1269.0,289.7,0.21,0.05,50.00,10.00,2,0.30,0.82,0.00
UGC03546,4.47e+10,2.48e+10,1047.0,423.6,0.08,0.02,28.70,7.20,1,0.09,0.85,0.01
UGC03580,7.27e+09,4.05e+09,267.5,160.3,0.45,0.07,20.70,5.20,1,0.28,0.86,0.00
UGC04278,6.46e+08,4.18e+08,171.1,126.0,0.64,0.07,9.51,2.85,7,0.10,0.89,0.00
UGC04305,3.86e+08,1.00e+08,53.4,23.5,0.65,0.06,3.45,0.17,10,0.14,0.08,0.00
UGC04325,9.95e+08,6.43e+08,217.0,104.2,0.44,0.07,9.60,2.88,9,0.04,0.87,0.00
UGC04499,7.36e+08,4.75e+08,206.1,77.6,0.63,0.07,12.50,3.75,8,0.06,0.88,0.00
UGC05253,9.87e+10,5.47e+10,1595.0,928.5,0.15,0.04,22.90,5.72,2,0.20,0.82,0.00
UGC05721,2.72e+08,1.75e+08,45.1,19.3,0.70,0.06,6.18,1.85,7,0.14,0.88,0.00
UGC05986,2.37e+09,1.53e+09,271.3,114.2,0.45,0.07,8.63,2.59,9,0.13,0.89,0.00
UGC06399,1.13e+09,4.16e+08,258.4,53.7,0.41,0.07,18.00,2.50,9,0.16,0.72,-0.01
UGC06446,4.83e+08,3.12e+08,199.0,76.4,0.61,0.07,12.00,3.60,7,0.11,0.88,0.00
UGC06628,1.50e+09,9.69e+08,155.1,141.9,0.46,0.07,15.10,4.53,9,0.02,0.42,0.00
UGC06786,4.06e+10,2.25e+10,987.3,404.2,0.12,0.03,29.30,7.31,0,0.17,0.86,-0.01
UGC06787,5.85e+10,3.24e+10,962.2,677.7,0.10,0.03,21.30,5.32,2,0.21,0.86,0.00
UGC06818,7.74e+08,2.84e+08,127.3,32.9,0.43,0.07,18.00,2.50,9,0.29,0.72,0.00
UGC06923,1.27e+09,4.67e+08,166.4,36.0,0.39,0.07,18.00,2.50,10,0.15,0.72,0.00
UGC06930,4.32e+09,1.59e+09,609.5,174.6,0.49,0.07,18.00,2.50,7,0.13,0.51,0.00
UGC06973,2.36e+10,8.66e+09,427.0,53.8,0.06,0.01,18.00,2.50,2,0.08,0.71,0.00
UGC06983,2.48e+09,9.12e+08,505.3,107.4,0.60,0.07,18.00,2.50,6,0.20,0.72,0.00
UGC07089,1.69e+09,6.22e+08,231.9,57.3,0.39,0.07,18.00,2.50,8,0.18,0.72,0.00
UGC07125,1.41e+09,9.06e+08,295.2,133.9,0.76,0.05,19.80,5.90,9,0.08,0.89,-0.01
UGC07151,1.06e+09,2.76e+08,158.8,12.7,0.39,0.07,6.87,0.34,6,0.40,0.37,0.00
UGC07261,8.53e+08,5.52e+08,145.3,77.7,0.56,0.07,13.10,3.93,8,0.08,0.61,0.00
UGC07323,1.86e+09,1.20e+09,194.8,118.5,0.29,0.06,8.00,2.40,8,0.06,0.88,0.00
UGC07524,1.19e+09,3.10e+08,347.9,49.0,0.62,0.07,4.74,0.24,9,0.22,0.26,0.00
UGC07559,5.53e+07,1.44e+07,16.6,9.9,0.70,0.06,4.97,0.25,10,0.52,0.32,0.00
UGC07603,1.84e+08,1.19e+08,51.0,20.2,0.54,0.07,4.70,1.41,7,0.14,0.89,0.00
UGC07690,4.02e+08,2.60e+08,68.9,21.7,0.47,0.07,8.11,2.43,10,0.10,0.86,-0.01
UGC08286,6.26e+08,1.56e+08,170.0,9.5,0.56,0.07,6.50,0.21,6,0.75,0.24,0.00
UGC08490,5.12e+08,1.70e+08,101.5,15.1,0.63,0.07,4.65,0.53,9,0.37,0.62,0.00
UGC08550,1.46e+08,9.38e+07,46.4,16.3,0.71,0.06,6.70,2.00,7,0.12,0.89,0.00
UGC08699,2.77e+10,1.54e+10,703.8,294.6,0.16,0.04,39.30,9.82,2,0.18,0.85,0.00
UGC08837,2.40e+08,6.25e+07,62.8,18.3,0.47,0.07,7.21,0.36,10,0.47,0.35,0.00
UGC09133,1.57e+11,7.32e+10,2201.0,689.0,0.22,0.05,57.10,11.40,2,0.37,0.77,0.00
UGC09992,1.66e+08,1.10e+08,49.0,34.0,0.60,0.07,10.70,3.31,10,0.05,0.62,0.00
UGC10310,8.68e+08,5.65e+08,218.9,89.6,0.59,0.07,15.20,4.60,9,0.06,0.81,0.00
UGC10564,1.39e+09,3.86e+08,185.2,20.6,0.75,0.05,23.20,1.00,4,0.62,0.30,0.00
UGC11557,6.02e+09,3.34e+09,274.8,179.0,0.27,0.06,24.20,6.05,8,0.06,0.52,-0.01
UGC11914,7.14e+10,4.64e+10,879.1,475.7,0.02,0.00,16.90,5.10,2,0.01,0.82,-0.01
UGC12060,6.36e+08,1.89e+08,186.5,21.0,0.59,0.07,15.10,1.00,10,0.45,0.41,0.01
UGC12632,6.43e+08,4.15e+08,259.8,107.7,0.74,0.06,9.77,2.93,9,0.06,0.88,0.01
UGC12732,8.41e+08,5.48e+08,282.3,131.9,0.82,0.04,13.20,4.00,9,0.06,0.84,0.00
UGC9649,2.19e+09,1.27e+09,215.7,58.4,0.38,0.07,12.00,3.10,3,0.15,0.86,0.00
WLM,1.57e+07,3.94e+06,22.4,7.4,0.82,0.04,1.00,0.04,10,0.03,0.22,0.03
